xid,f0_scale,f0_elv,SOURCE,OPERATINGVOLTAGE,SUBTYPECD,layer,prev_bdroms_sum,bdrms_sum
2,1,0.1,FortisBC,230.0,15.0,UNDERGROUND_TRANSFORMERS,49.0,71.0
7,1,0.1,FortisBC,230.0,15.0,UNDERGROUND_TRANSFORMERS,2.0,19.0
11,1,0.1,FortisBC,230.0,15.0,UNDERGROUND_TRANSFORMERS,41.0,116.0
14,1,0.1,FortisBC,230.0,15.0,UNDERGROUND_TRANSFORMERS,27.0,21.0
18,1,0.1,FortisBC,230.0,15.0,UNDERGROUND_TRANSFORMERS,51.0,39.0
20,1,0.1,FortisBC,230.0,15.0,UNDERGROUND_TRANSFORMERS,5.0,183.0
21,1,0.1,FortisBC,172.0,3.0,UNDERGROUND_TRANSFORMERS,54.0,45.0
25,1,0.1,FortisBC,172.0,3.0,UNDERGROUND_TRANSFORMERS,31.0,21.0
26,1,0.1,FortisBC,230.0,15.0,UNDERGROUND_TRANSFORMERS,83.0,51.0
29,1,0.1,FortisBC,172.0,3.0,UNDERGROUND_TRANSFORMERS,56.0,40.9
30,1,0.1,FortisBC,172.0,3.0,UNDERGROUND_TRANSFORMERS,299.0,329.9
31,1,0.1,FortisBC,172.0,3.0,UNDERGROUND_TRANSFORMERS,99.0,12.0
33,1,0.1,FortisBC,230.0,15.0,UNDERGROUND_TRANSFORMERS,83.0,73.3
36,1,0.1,FortisBC,230.0,15.0,UNDERGROUND_TRANSFORMERS,130.0,121.9
40,1,0.1,FortisBC,230.0,15.0,UNDERGROUND_TRANSFORMERS,106.0,124.0
42,1,0.1,FortisBC,172.0,3.0,UNDERGROUND_TRANSFORMERS,19.0,17.0
43,1,0.1,FortisBC,230.0,15.0,UNDERGROUND_TRANSFORMERS,77.0,35.0
44,1,0.1,FortisBC,230.0,15.0,UNDERGROUND_TRANSFORMERS,30.0,46.0
47,1,0.1,FortisBC,172.0,3.0,UNDERGROUND_TRANSFORMERS,55.0,46.0
49,1,0.1,FortisBC,172.0,3.0,UNDERGROUND_TRANSFORMERS,35.0,35.0
50,1,0.1,FortisBC,230.0,15.0,UNDERGROUND_TRANSFORMERS,64.0,12.0
51,1,0.1,FortisBC,230.0,15.0,UNDERGROUND_TRANSFORMERS,32.0,6.0
52,1,0.1,FortisBC,230.0,15.0,UNDERGROUND_TRANSFORMERS,90.0,51.0
55,1,0.1,FortisBC,230.0,15.0,UNDERGROUND_TRANSFORMERS,245.0,230.0
56,1,0.1,FortisBC,172.0,3.0,UNDERGROUND_TRANSFORMERS,36.0,57.0
59,1,0.1,FortisBC,230.0,15.0,UNDERGROUND_TRANSFORMERS,1.0,98.0
60,1,0.1,FortisBC,230.0,15.0,UNDERGROUND_TRANSFORMERS,71.0,170.0
63,1,0.1,FortisBC,230.0,15.0,UNDERGROUND_TRANSFORMERS,101.0,192.0
66,1,0.1,FortisBC,230.0,15.0,UNDERGROUND_TRANSFORMERS,204.0,101.0
69,1,0.1,FortisBC,172.0,3.0,UNDERGROUND_TRANSFORMERS,120.0,90.0
70,1,0.1,FortisBC,230.0,15.0,UNDERGROUND_TRANSFORMERS,136.0,213.0
71,1,0.1,FortisBC,172.0,3.0,UNDERGROUND_TRANSFORMERS,28.0,25.0
73,1,0.1,FortisBC,230.0,15.0,UNDERGROUND_TRANSFORMERS,38.0,145.89999999999998
74,1,0.1,FortisBC,172.0,3.0,UNDERGROUND_TRANSFORMERS,111.0,92.0
75,1,0.1,FortisBC,230.0,15.0,UNDERGROUND_TRANSFORMERS,264.0,218.90000000000003
76,1,0.1,FortisBC,230.0,15.0,UNDERGROUND_TRANSFORMERS,27.0,337.0
77,1,0.1,FortisBC,172.0,3.0,UNDERGROUND_TRANSFORMERS,148.0,140.0
79,1,0.1,FortisBC,230.0,15.0,UNDERGROUND_TRANSFORMERS,118.0,56.0
82,1,0.1,FortisBC,230.0,15.0,UNDERGROUND_TRANSFORMERS,83.0,82.6
83,1,0.1,FortisBC,230.0,15.0,UNDERGROUND_TRANSFORMERS,84.0,30.0
84,1,0.1,FortisBC,230.0,15.0,UNDERGROUND_TRANSFORMERS,116.0,52.0
85,1,0.1,FortisBC,172.0,3.0,UNDERGROUND_TRANSFORMERS,6.0,10.0
86,1,0.1,FortisBC,230.0,15.0,UNDERGROUND_TRANSFORMERS,127.0,32.3
87,1,0.1,FortisBC,172.0,3.0,UNDERGROUND_TRANSFORMERS,99.0,63.2
88,1,0.1,FortisBC,230.0,15.0,UNDERGROUND_TRANSFORMERS,29.0,22.3
89,1,0.1,FortisBC,172.0,3.0,UNDERGROUND_TRANSFORMERS,100.0,28.6
90,1,0.1,FortisBC,172.0,3.0,UNDERGROUND_TRANSFORMERS,57.0,14.3
92,1,0.1,FortisBC,172.0,3.0,UNDERGROUND_TRANSFORMERS,43.0,14.3
93,1,0.1,FortisBC,172.0,3.0,UNDERGROUND_TRANSFORMERS,43.0,14.3
94,1,0.1,FortisBC,172.0,3.0,UNDERGROUND_TRANSFORMERS,114.0,42.900000000000006
95,1,0.1,FortisBC,230.0,15.0,UNDERGROUND_TRANSFORMERS,29.0,16.3
96,1,0.1,FortisBC,172.0,3.0,UNDERGROUND_TRANSFORMERS,71.0,57.2
97,1,0.1,FortisBC,172.0,3.0,UNDERGROUND_TRANSFORMERS,83.0,43.7
98,1,0.1,FortisBC,172.0,3.0,UNDERGROUND_TRANSFORMERS,86.0,42.900000000000006
100,1,0.1,FortisBC,172.0,3.0,UNDERGROUND_TRANSFORMERS,72.0,24.0
101,1,0.1,FortisBC,172.0,3.0,UNDERGROUND_TRANSFORMERS,43.0,12.0
103,1,0.1,FortisBC,172.0,3.0,UNDERGROUND_TRANSFORMERS,43.0,6.0
104,1,0.1,FortisBC,172.0,3.0,UNDERGROUND_TRANSFORMERS,29.0,12.0
108,1,0.1,FortisBC,230.0,15.0,UNDERGROUND_TRANSFORMERS,110.0,88.4
113,1,0.1,FortisBC,230.0,15.0,UNDERGROUND_TRANSFORMERS,0.0,2.0
115,1,0.1,FortisBC,230.0,15.0,UNDERGROUND_TRANSFORMERS,255.0,231.0
126,1,0.1,FortisBC,172.0,3.0,UNDERGROUND_TRANSFORMERS,126.0,132.90000000000003
129,1,0.1,FortisBC,172.0,3.0,UNDERGROUND_TRANSFORMERS,3.0,10.0
130,1,0.1,FortisBC,172.0,3.0,UNDERGROUND_TRANSFORMERS,8.0,11.0
131,1,0.1,FortisBC,172.0,3.0,UNDERGROUND_TRANSFORMERS,13.0,21.0
132,1,0.1,FortisBC,230.0,15.0,UNDERGROUND_TRANSFORMERS,41.0,53.89999999999999
134,1,0.1,FortisBC,172.0,3.0,UNDERGROUND_TRANSFORMERS,0.0,1.0
135,1,0.1,FortisBC,230.0,15.0,UNDERGROUND_TRANSFORMERS,130.0,166.0
136,1,0.1,FortisBC,172.0,3.0,UNDERGROUND_TRANSFORMERS,0.0,6.0
137,1,0.1,FortisBC,172.0,3.0,UNDERGROUND_TRANSFORMERS,0.0,7.0
138,1,0.1,FortisBC,172.0,3.0,UNDERGROUND_TRANSFORMERS,0.0,3.0
139,1,0.1,FortisBC,172.0,3.0,UNDERGROUND_TRANSFORMERS,0.0,5.0
140,1,0.1,FortisBC,172.0,3.0,UNDERGROUND_TRANSFORMERS,0.0,4.0
144,1,0.1,FortisBC,172.0,3.0,UNDERGROUND_TRANSFORMERS,0.0,5.0
147,1,0.1,FortisBC,172.0,3.0,UNDERGROUND_TRANSFORMERS,0.0,5.0
165,1,0.1,FortisBC,230.0,15.0,UNDERGROUND_TRANSFORMERS,0.0,2.0
179,1,0.1,FortisBC,230.0,15.0,UNDERGROUND_TRANSFORMERS,60.0,111.0
180,1,0.1,FortisBC,230.0,15.0,UNDERGROUND_TRANSFORMERS,14.0,85.0
182,1,0.1,FortisBC,230.0,15.0,UNDERGROUND_TRANSFORMERS,17.0,62.0
183,1,0.1,FortisBC,230.0,15.0,UNDERGROUND_TRANSFORMERS,19.0,75.0
185,1,0.1,FortisBC,230.0,15.0,UNDERGROUND_TRANSFORMERS,4.0,43.0
187,1,0.1,FortisBC,230.0,15.0,UNDERGROUND_TRANSFORMERS,121.0,159.9
195,1,0.1,FortisBC,230.0,15.0,UNDERGROUND_TRANSFORMERS,52.0,68.69999999999999
210,1,0.1,FortisBC,230.0,15.0,UNDERGROUND_TRANSFORMERS,0.0,2.0
212,1,0.1,FortisBC,172.0,3.0,UNDERGROUND_TRANSFORMERS,0.0,4.0
213,1,0.1,FortisBC,230.0,15.0,UNDERGROUND_TRANSFORMERS,0.0,1.0
214,1,0.1,FortisBC,172.0,3.0,UNDERGROUND_TRANSFORMERS,0.0,6.0
220,1,0.1,FortisBC,230.0,15.0,UNDERGROUND_TRANSFORMERS,0.0,99.0
224,1,0.1,FortisBC,230.0,15.0,UNDERGROUND_TRANSFORMERS,164.0,95.1
226,1,0.1,FortisBC,230.0,15.0,UNDERGROUND_TRANSFORMERS,60.0,60.0
227,1,0.1,FortisBC,172.0,3.0,UNDERGROUND_TRANSFORMERS,62.0,140.0
228,1,0.1,FortisBC,172.0,3.0,UNDERGROUND_TRANSFORMERS,,5.8
229,1,0.1,FortisBC,172.0,3.0,UNDERGROUND_TRANSFORMERS,,11.6
230,1,0.1,FortisBC,172.0,3.0,UNDERGROUND_TRANSFORMERS,,11.6
232,1,0.1,FortisBC,172.0,3.0,UNDERGROUND_TRANSFORMERS,,17.4
233,1,0.1,FortisBC,172.0,3.0,UNDERGROUND_TRANSFORMERS,,15.0
234,1,0.1,FortisBC,172.0,3.0,UNDERGROUND_TRANSFORMERS,,17.4
237,1,0.1,FortisBC,172.0,3.0,UNDERGROUND_TRANSFORMERS,,11.6
239,1,0.1,FortisBC,172.0,3.0,UNDERGROUND_TRANSFORMERS,2.0,121.4
247,1,0.1,FortisBC,230.0,15.0,UNDERGROUND_TRANSFORMERS,10.0,41.8
261,1,0.1,FortisBC,172.0,3.0,UNDERGROUND_TRANSFORMERS,11.0,30.0
262,1,0.1,FortisBC,172.0,3.0,UNDERGROUND_TRANSFORMERS,,12.0
265,1,0.1,FortisBC,172.0,3.0,UNDERGROUND_TRANSFORMERS,,45.0
287,1,0.1,FortisBC,172.0,3.0,UNDERGROUND_TRANSFORMERS,12.0,25.0
289,1,0.1,FortisBC,172.0,3.0,UNDERGROUND_TRANSFORMERS,,11.0
293,1,0.1,FortisBC,230.0,15.0,UNDERGROUND_TRANSFORMERS,,8.0
294,1,0.1,FortisBC,230.0,3.0,UNDERGROUND_TRANSFORMERS,,7.0
297,1,0.1,FortisBC,172.0,3.0,UNDERGROUND_TRANSFORMERS,,5.0
299,1,0.1,FortisBC,172.0,3.0,UNDERGROUND_TRANSFORMERS,,9.0
301,1,0.1,FortisBC,172.0,3.0,UNDERGROUND_TRANSFORMERS,,8.0
302,1,0.1,FortisBC,230.0,3.0,UNDERGROUND_TRANSFORMERS,,14.0
303,1,0.1,FortisBC,172.0,3.0,UNDERGROUND_TRANSFORMERS,,13.0
304,1,0.1,FortisBC,172.0,3.0,UNDERGROUND_TRANSFORMERS,,13.0
306,1,0.1,FortisBC,172.0,3.0,UNDERGROUND_TRANSFORMERS,,31.0
308,1,0.1,FortisBC,172.0,3.0,UNDERGROUND_TRANSFORMERS,,7.0
310,1,0.1,FortisBC,172.0,3.0,UNDERGROUND_TRANSFORMERS,,4.0
312,1,0.1,FortisBC,172.0,3.0,UNDERGROUND_TRANSFORMERS,,14.0
313,1,0.1,FortisBC,172.0,3.0,UNDERGROUND_TRANSFORMERS,,11.0
315,1,0.1,FortisBC,172.0,3.0,UNDERGROUND_TRANSFORMERS,,10.0
316,1,0.1,FortisBC,172.0,3.0,UNDERGROUND_TRANSFORMERS,,79.0
319,1,0.1,FortisBC,172.0,3.0,UNDERGROUND_TRANSFORMERS,,23.0
320,1,0.1,FortisBC,172.0,3.0,UNDERGROUND_TRANSFORMERS,,27.0
321,1,0.1,FortisBC,172.0,3.0,UNDERGROUND_TRANSFORMERS,,28.0
322,1,0.1,FortisBC,172.0,3.0,UNDERGROUND_TRANSFORMERS,,26.0
323,1,0.1,FortisBC,172.0,3.0,UNDERGROUND_TRANSFORMERS,,1.0
324,1,0.1,FortisBC,172.0,3.0,UNDERGROUND_TRANSFORMERS,,6.0
325,1,0.1,FortisBC,230.0,15.0,UNDERGROUND_TRANSFORMERS,,5.0
327,1,0.1,FortisBC,172.0,3.0,UNDERGROUND_TRANSFORMERS,,6.0
328,1,0.1,FortisBC,172.0,3.0,UNDERGROUND_TRANSFORMERS,,12.0
329,1,0.1,FortisBC,172.0,3.0,UNDERGROUND_TRANSFORMERS,,7.0
330,1,0.1,FortisBC,172.0,3.0,UNDERGROUND_TRANSFORMERS,,27.0
335,1,0.1,FortisBC,172.0,3.0,UNDERGROUND_TRANSFORMERS,6.0,18.0
344,1,0.1,FortisBC,172.0,3.0,UNDERGROUND_TRANSFORMERS,,29.0
345,1,0.1,FortisBC,172.0,3.0,UNDERGROUND_TRANSFORMERS,1.0,30.0
354,1,0.1,FortisBC,172.0,3.0,UNDERGROUND_TRANSFORMERS,,15.0
355,1,0.1,FortisBC,172.0,3.0,UNDERGROUND_TRANSFORMERS,,33.0
357,1,0.1,FortisBC,172.0,3.0,UNDERGROUND_TRANSFORMERS,0.0,40.0
358,1,0.1,FortisBC,172.0,3.0,UNDERGROUND_TRANSFORMERS,,23.0
359,1,0.1,FortisBC,172.0,3.0,UNDERGROUND_TRANSFORMERS,25.0,51.9
360,1,0.1,FortisBC,172.0,3.0,UNDERGROUND_TRANSFORMERS,,90.0
362,1,0.1,FortisBC,172.0,3.0,UNDERGROUND_TRANSFORMERS,38.0,62.0
363,1,0.1,FortisBC,172.0,3.0,UNDERGROUND_TRANSFORMERS,49.0,67.0
366,1,0.1,FortisBC,172.0,3.0,UNDERGROUND_TRANSFORMERS,149.0,232.99999999999997
371,1,0.1,FortisBC,230.0,15.0,UNDERGROUND_TRANSFORMERS,21.0,28.0
376,1,0.1,FortisBC,172.0,3.0,UNDERGROUND_TRANSFORMERS,,7.0
380,1,0.1,FortisBC,172.0,3.0,UNDERGROUND_TRANSFORMERS,,2.0
382,1,0.1,FortisBC,230.0,15.0,UNDERGROUND_TRANSFORMERS,2.0,6.0
384,1,0.1,FortisBC,172.0,3.0,UNDERGROUND_TRANSFORMERS,,1.0
391,1,0.1,FortisBC,172.0,3.0,UNDERGROUND_TRANSFORMERS,,3.0
393,1,0.1,FortisBC,172.0,3.0,UNDERGROUND_TRANSFORMERS,,1.0
396,1,0.1,FortisBC,172.0,3.0,UNDERGROUND_TRANSFORMERS,,1.0
404,1,0.1,FortisBC,172.0,3.0,UNDERGROUND_TRANSFORMERS,,1.0
405,1,0.1,FortisBC,172.0,3.0,UNDERGROUND_TRANSFORMERS,,4.0
408,1,0.1,FortisBC,172.0,3.0,UNDERGROUND_TRANSFORMERS,0.0,10.0
411,1,0.1,FortisBC,172.0,3.0,UNDERGROUND_TRANSFORMERS,0.0,9.0
412,1,0.1,FortisBC,172.0,3.0,UNDERGROUND_TRANSFORMERS,0.0,4.0
414,1,0.1,FortisBC,230.0,15.0,UNDERGROUND_TRANSFORMERS,0.0,3.0
415,1,0.1,FortisBC,172.0,3.0,UNDERGROUND_TRANSFORMERS,0.0,18.0
420,1,0.1,FortisBC,230.0,15.0,UNDERGROUND_TRANSFORMERS,53.0,54.0
421,1,0.1,FortisBC,172.0,3.0,UNDERGROUND_TRANSFORMERS,91.0,58.0
422,1,0.1,FortisBC,172.0,3.0,UNDERGROUND_TRANSFORMERS,35.0,32.0
434,1,0.1,FortisBC,230.0,15.0,UNDERGROUND_TRANSFORMERS,53.0,25.0
436,1,0.1,FortisBC,230.0,15.0,UNDERGROUND_TRANSFORMERS,17.0,19.0
437,1,0.1,FortisBC,172.0,3.0,UNDERGROUND_TRANSFORMERS,302.0,307.0
438,1,0.1,FortisBC,172.0,3.0,UNDERGROUND_TRANSFORMERS,108.0,56.0
439,1,0.1,FortisBC,172.0,3.0,UNDERGROUND_TRANSFORMERS,153.0,107.0
440,1,0.1,FortisBC,230.0,15.0,UNDERGROUND_TRANSFORMERS,97.0,97.1
443,1,0.1,FortisBC,230.0,15.0,UNDERGROUND_TRANSFORMERS,324.0,284.0
444,1,0.1,FortisBC,172.0,3.0,UNDERGROUND_TRANSFORMERS,42.0,40.0
445,1,0.1,FortisBC,172.0,3.0,UNDERGROUND_TRANSFORMERS,112.0,115.0
446,1,0.1,FortisBC,172.0,3.0,UNDERGROUND_TRANSFORMERS,43.0,46.0
3026,1,0.1,City of Penticton,,3.0,Electric_Transformer,,44.5
3099,1,0.1,City of Penticton,,3.0,Electric_Transformer,,118.5
3895,1,0.1,City of Penticton,,3.0,Electric_Transformer,,26.0
3597,1,0.1,City of Penticton,,7.0,Electric_Transformer,,102.0
3870,1,0.1,City of Penticton,,3.0,Electric_Transformer,,37.599999999999994
3235,1,0.1,City of Penticton,,3.0,Electric_Transformer,,44.0
3595,1,0.1,City of Penticton,,3.0,Electric_Transformer,,59.5
3276,1,0.1,City of Penticton,,3.0,Electric_Transformer,,28.0
3441,1,0.1,City of Penticton,,3.0,Electric_Transformer,,31.0
2915,1,0.1,City of Penticton,,3.0,Electric_Transformer,,5.0
454,1,0.1,FortisBC,150.0,3.0,UNDERGROUND_TRANSFORMERS,0.0,18.0
3243,1,0.1,City of Penticton,,3.0,Electric_Transformer,,5.0
3896,1,0.1,City of Penticton,,7.0,Electric_Transformer,,330.0
3813,1,0.1,City of Penticton,,3.0,Electric_Transformer,,69.89999999999999
3377,1,0.1,City of Penticton,,3.0,Electric_Transformer,,3.0
460,1,0.1,FortisBC,150.0,3.0,UNDERGROUND_TRANSFORMERS,0.0,1.0
3620,1,0.1,City of Penticton,,3.0,Electric_Transformer,,7.0
3297,1,0.1,City of Penticton,,3.0,Electric_Transformer,,37.0
3298,1,0.1,City of Penticton,,3.0,Electric_Transformer,,43.0
2963,1,0.1,City of Penticton,,7.0,Electric_Transformer,,59.0
2969,1,0.1,City of Penticton,,7.0,Electric_Transformer,,78.0
2968,1,0.1,City of Penticton,,7.0,Electric_Transformer,,87.0
3106,1,0.1,City of Penticton,,7.0,Electric_Transformer,,110.0
3491,1,0.1,City of Penticton,,3.0,Electric_Transformer,,45.0
3642,1,0.1,City of Penticton,,7.0,Electric_Transformer,,27.0
3880,1,0.1,City of Penticton,,3.0,Electric_Transformer,,36.5
2967,1,0.1,City of Penticton,,7.0,Electric_Transformer,,99.2
3075,1,0.1,City of Penticton,,3.0,Electric_Transformer,,1.0
461,1,0.1,FortisBC,150.0,3.0,UNDERGROUND_TRANSFORMERS,0.0,16.0
462,1,0.1,FortisBC,150.0,3.0,UNDERGROUND_TRANSFORMERS,801.0,15.0
3763,1,0.1,City of Penticton,,7.0,Electric_Transformer,,28.5
3733,1,0.1,City of Penticton,,3.0,Electric_Transformer,,42.0
3885,1,0.1,City of Penticton,,7.0,Electric_Transformer,,32.0
3490,1,0.1,City of Penticton,,7.0,Electric_Transformer,,117.4
3482,1,0.1,City of Penticton,,7.0,Electric_Transformer,,67.0
3040,1,0.1,City of Penticton,,3.0,Electric_Transformer,,10.0
3734,1,0.1,City of Penticton,,3.0,Electric_Transformer,,31.0
464,1,0.1,FortisBC,150.0,3.0,UNDERGROUND_TRANSFORMERS,0.0,10.0
3035,1,0.1,City of Penticton,,3.0,Electric_Transformer,,20.5
3293,1,0.1,City of Penticton,,3.0,Electric_Transformer,,68.5
3329,1,0.1,City of Penticton,,3.0,Electric_Transformer,,77.39999999999999
465,1,0.1,FortisBC,150.0,3.0,UNDERGROUND_TRANSFORMERS,0.0,34.0
3039,1,0.1,City of Penticton,,3.0,Electric_Transformer,,22.0
3084,1,0.1,City of Penticton,,3.0,Electric_Transformer,,36.0
466,1,0.1,FortisBC,150.0,3.0,UNDERGROUND_TRANSFORMERS,1349.0,9.0
467,1,0.1,FortisBC,150.0,3.0,UNDERGROUND_TRANSFORMERS,0.0,13.0
3781,1,0.1,City of Penticton,,7.0,Electric_Transformer,,18.0
3262,1,0.1,City of Penticton,,3.0,Electric_Transformer,,37.0
3043,1,0.1,City of Penticton,,7.0,Electric_Transformer,,20.5
3089,1,0.1,City of Penticton,,7.0,Electric_Transformer,,170.5
2965,1,0.1,City of Penticton,,7.0,Electric_Transformer,,64.0
3370,1,0.1,City of Penticton,,3.0,Electric_Transformer,,19.0
468,1,0.1,FortisBC,150.0,3.0,UNDERGROUND_TRANSFORMERS,887.0,12.0
3522,1,0.1,City of Penticton,,3.0,Electric_Transformer,,24.0
3484,1,0.1,City of Penticton,,3.0,Electric_Transformer,,29.0
3486,1,0.1,City of Penticton,,3.0,Electric_Transformer,,19.0
3292,1,0.1,City of Penticton,,3.0,Electric_Transformer,,18.0
3261,1,0.1,City of Penticton,,3.0,Electric_Transformer,,26.0
3463,1,0.1,City of Penticton,,3.0,Electric_Transformer,,8.0
3783,1,0.1,City of Penticton,,3.0,Electric_Transformer,,6.0
2907,1,0.1,City of Penticton,,3.0,Electric_Transformer,,33.0
3881,1,0.1,City of Penticton,,3.0,Electric_Transformer,,24.0
3821,1,0.1,City of Penticton,,3.0,Electric_Transformer,,54.599999999999994
3041,1,0.1,City of Penticton,,3.0,Electric_Transformer,,22.0
3453,1,0.1,City of Penticton,,7.0,Electric_Transformer,,12.0
2950,1,0.1,City of Penticton,,7.0,Electric_Transformer,,17.4
3485,1,0.1,City of Penticton,,3.0,Electric_Transformer,,28.0
3708,1,0.1,City of Penticton,,3.0,Electric_Transformer,,12.0
3291,1,0.1,City of Penticton,,3.0,Electric_Transformer,,27.0
3219,1,0.1,City of Penticton,,3.0,Electric_Transformer,,24.0
3523,1,0.1,City of Penticton,,3.0,Electric_Transformer,,36.0
3751,1,0.1,City of Penticton,,7.0,Electric_Transformer,,131.0
3452,1,0.1,City of Penticton,,3.0,Electric_Transformer,,24.0
3182,1,0.1,City of Penticton,,7.0,Electric_Transformer,,38.0
2964,1,0.1,City of Penticton,,7.0,Electric_Transformer,,24.0
3266,1,0.1,City of Penticton,,3.0,Electric_Transformer,,16.0
3328,1,0.1,City of Penticton,,3.0,Electric_Transformer,,26.0
3052,1,0.1,City of Penticton,,7.0,Electric_Transformer,,30.0
3327,1,0.1,City of Penticton,,3.0,Electric_Transformer,,31.0
3326,1,0.1,City of Penticton,,3.0,Electric_Transformer,,32.0
3049,1,0.1,City of Penticton,,3.0,Electric_Transformer,,9.0
3488,1,0.1,City of Penticton,,3.0,Electric_Transformer,,6.0
3489,1,0.1,City of Penticton,,3.0,Electric_Transformer,,4.0
3223,1,0.1,City of Penticton,,3.0,Electric_Transformer,,37.0
3640,1,0.1,City of Penticton,,3.0,Electric_Transformer,,3.0
3483,1,0.1,City of Penticton,,3.0,Electric_Transformer,,23.0
3296,1,0.1,City of Penticton,,3.0,Electric_Transformer,,15.0
3260,1,0.1,City of Penticton,,3.0,Electric_Transformer,,34.0
3694,1,0.1,City of Penticton,,3.0,Electric_Transformer,,36.0
3695,1,0.1,City of Penticton,,3.0,Electric_Transformer,,33.0
3229,1,0.1,City of Penticton,,3.0,Electric_Transformer,,24.9
3295,1,0.1,City of Penticton,,3.0,Electric_Transformer,,13.0
3645,1,0.1,City of Penticton,,7.0,Electric_Transformer,,192.0
3265,1,0.1,City of Penticton,,3.0,Electric_Transformer,,39.0
3487,1,0.1,City of Penticton,,3.0,Electric_Transformer,,18.0
3696,1,0.1,City of Penticton,,3.0,Electric_Transformer,,20.0
3519,1,0.1,City of Penticton,,3.0,Electric_Transformer,,22.0
3732,1,0.1,City of Penticton,,3.0,Electric_Transformer,,24.0
3324,1,0.1,City of Penticton,,3.0,Electric_Transformer,,7.0
3323,1,0.1,City of Penticton,,3.0,Electric_Transformer,,12.0
3259,1,0.1,City of Penticton,,3.0,Electric_Transformer,,37.0
3178,1,0.1,City of Penticton,,7.0,Electric_Transformer,,66.0
3521,1,0.1,City of Penticton,,3.0,Electric_Transformer,,17.1
3518,1,0.1,City of Penticton,,3.0,Electric_Transformer,,30.0
3693,1,0.1,City of Penticton,,7.0,Electric_Transformer,,21.0
3691,1,0.1,City of Penticton,,7.0,Electric_Transformer,,14.0
3692,1,0.1,City of Penticton,,7.0,Electric_Transformer,,28.0
469,1,0.1,FortisBC,187.0,15.0,UNDERGROUND_TRANSFORMERS,0.0,14.0
470,1,0.1,FortisBC,150.0,3.0,UNDERGROUND_TRANSFORMERS,0.0,4.0
3436,1,0.1,City of Penticton,,7.0,Electric_Transformer,,24.0
3475,1,0.1,City of Penticton,,3.0,Electric_Transformer,,11.0
3690,1,0.1,City of Penticton,,7.0,Electric_Transformer,,18.0
3294,1,0.1,City of Penticton,,3.0,Electric_Transformer,,18.0
3520,1,0.1,City of Penticton,,3.0,Electric_Transformer,,47.6
3689,1,0.1,City of Penticton,,7.0,Electric_Transformer,,12.0
3474,1,0.1,City of Penticton,,3.0,Electric_Transformer,,27.0
3407,1,0.1,City of Penticton,,3.0,Electric_Transformer,,18.0
3047,1,0.1,City of Penticton,,7.0,Electric_Transformer,,64.0
3325,1,0.1,City of Penticton,,7.0,Electric_Transformer,,3.0
3244,1,0.1,City of Penticton,,3.0,Electric_Transformer,,24.0
3285,1,0.1,City of Penticton,,3.0,Electric_Transformer,,17.0
3600,1,0.1,City of Penticton,,3.0,Electric_Transformer,,22.0
3222,1,0.1,City of Penticton,,3.0,Electric_Transformer,,42.0
3454,1,0.1,City of Penticton,,3.0,Electric_Transformer,,20.0
3476,1,0.1,City of Penticton,,3.0,Electric_Transformer,,19.0
3166,1,0.1,City of Penticton,,7.0,Electric_Transformer,,26.0
3479,1,0.1,City of Penticton,,3.0,Electric_Transformer,,24.0
3286,1,0.1,City of Penticton,,3.0,Electric_Transformer,,15.0
3281,1,0.1,City of Penticton,,3.0,Electric_Transformer,,17.0
3831,1,0.1,City of Penticton,,7.0,Electric_Transformer,,26.0
3282,1,0.1,City of Penticton,,3.0,Electric_Transformer,,11.0
3746,1,0.1,City of Penticton,,7.0,Electric_Transformer,,51.0
3374,1,0.1,City of Penticton,,3.0,Electric_Transformer,,10.0
3477,1,0.1,City of Penticton,,3.0,Electric_Transformer,,15.0
3284,1,0.1,City of Penticton,,3.0,Electric_Transformer,,13.0
3283,1,0.1,City of Penticton,,3.0,Electric_Transformer,,19.0
3287,1,0.1,City of Penticton,,3.0,Electric_Transformer,,23.0
3481,1,0.1,City of Penticton,,3.0,Electric_Transformer,,48.0
3290,1,0.1,City of Penticton,,7.0,Electric_Transformer,,29.0
3744,1,0.1,City of Penticton,,7.0,Electric_Transformer,,60.0
3606,1,0.1,City of Penticton,,3.0,Electric_Transformer,,43.0
3288,1,0.1,City of Penticton,,3.0,Electric_Transformer,,19.0
3450,1,0.1,City of Penticton,,3.0,Electric_Transformer,,29.0
3480,1,0.1,City of Penticton,,3.0,Electric_Transformer,,12.0
3234,1,0.1,City of Penticton,,3.0,Electric_Transformer,,27.0
2993,1,0.1,City of Penticton,,7.0,Electric_Transformer,,119.0
3289,1,0.1,City of Penticton,,3.0,Electric_Transformer,,52.0
3639,1,0.1,City of Penticton,,3.0,Electric_Transformer,,18.0
3228,1,0.1,City of Penticton,,3.0,Electric_Transformer,,6.0
3745,1,0.1,City of Penticton,,7.0,Electric_Transformer,,30.0
3478,1,0.1,City of Penticton,,3.0,Electric_Transformer,,9.0
3447,1,0.1,City of Penticton,,3.0,Electric_Transformer,,12.0
3517,1,0.1,City of Penticton,,7.0,Electric_Transformer,,26.0
3322,1,0.1,City of Penticton,,3.0,Electric_Transformer,,27.0
472,1,0.1,FortisBC,230.0,15.0,UNDERGROUND_TRANSFORMERS,0.0,2.0
471,1,0.1,FortisBC,187.0,15.0,UNDERGROUND_TRANSFORMERS,0.0,28.0
2996,1,0.1,City of Penticton,,7.0,Electric_Transformer,,21.0
3161,1,0.1,City of Penticton,,7.0,Electric_Transformer,,49.0
2958,1,0.1,City of Penticton,,3.0,Electric_Transformer,,35.0
3280,1,0.1,City of Penticton,,3.0,Electric_Transformer,,20.0
3257,1,0.1,City of Penticton,,3.0,Electric_Transformer,,53.0
3159,1,0.1,City of Penticton,,7.0,Electric_Transformer,,123.89999999999999
2962,1,0.1,City of Penticton,,7.0,Electric_Transformer,,113.0
3739,1,0.1,City of Penticton,,7.0,Electric_Transformer,,8.0
3688,1,0.1,City of Penticton,,3.0,Electric_Transformer,,8.0
3687,1,0.1,City of Penticton,,3.0,Electric_Transformer,,6.0
2959,1,0.1,City of Penticton,,3.0,Electric_Transformer,,6.0
3473,1,0.1,City of Penticton,,7.0,Electric_Transformer,,22.0
2960,1,0.1,City of Penticton,,3.0,Electric_Transformer,,38.0
3686,1,0.1,City of Penticton,,3.0,Electric_Transformer,,29.0
3184,1,0.1,City of Penticton,,3.0,Electric_Transformer,,32.0
3638,1,0.1,City of Penticton,,7.0,Electric_Transformer,,51.0
3254,1,0.1,City of Penticton,,3.0,Electric_Transformer,,54.0
3411,1,0.1,City of Penticton,,3.0,Electric_Transformer,,58.0
3278,1,0.1,City of Penticton,,3.0,Electric_Transformer,,33.0
3472,1,0.1,City of Penticton,,3.0,Electric_Transformer,,37.0
3525,1,0.1,City of Penticton,,3.0,Electric_Transformer,,39.0
3037,1,0.1,City of Penticton,,3.0,Electric_Transformer,,32.0
3709,1,0.1,City of Penticton,,3.0,Electric_Transformer,,38.0
3524,1,0.1,City of Penticton,,3.0,Electric_Transformer,,39.0
3321,1,0.1,City of Penticton,,3.0,Electric_Transformer,,22.0
2947,1,0.1,City of Penticton,,3.0,Electric_Transformer,,12.0
3373,1,0.1,City of Penticton,,3.0,Electric_Transformer,,54.0
3730,1,0.1,City of Penticton,,3.0,Electric_Transformer,,17.7
3160,1,0.1,City of Penticton,,3.0,Electric_Transformer,,12.0
3000,1,0.1,City of Penticton,,3.0,Electric_Transformer,,19.0
3467,1,0.1,City of Penticton,,3.0,Electric_Transformer,,21.0
3710,1,0.1,City of Penticton,,3.0,Electric_Transformer,,18.0
3516,1,0.1,City of Penticton,,3.0,Electric_Transformer,,9.0
3245,1,0.1,City of Penticton,,3.0,Electric_Transformer,,12.0
3466,1,0.1,City of Penticton,,3.0,Electric_Transformer,,21.0
2954,1,0.1,City of Penticton,,3.0,Electric_Transformer,,27.0
3685,1,0.1,City of Penticton,,3.0,Electric_Transformer,,31.0
2995,1,0.1,City of Penticton,,3.0,Electric_Transformer,,16.0
3001,1,0.1,City of Penticton,,3.0,Electric_Transformer,,15.0
3319,1,0.1,City of Penticton,,3.0,Electric_Transformer,,19.5
3279,1,0.1,City of Penticton,,3.0,Electric_Transformer,,55.0
3221,1,0.1,City of Penticton,,3.0,Electric_Transformer,,44.4
3158,1,0.1,City of Penticton,,3.0,Electric_Transformer,,21.5
3317,1,0.1,City of Penticton,,3.0,Electric_Transformer,,23.099999999999998
2955,1,0.1,City of Penticton,,3.0,Electric_Transformer,,21.0
2953,1,0.1,City of Penticton,,3.0,Electric_Transformer,,18.0
3320,1,0.1,City of Penticton,,3.0,Electric_Transformer,,29.0
3408,1,0.1,City of Penticton,,7.0,Electric_Transformer,,57.0
2926,1,0.1,City of Penticton,,3.0,Electric_Transformer,,17.0
3098,1,0.1,City of Penticton,,3.0,Electric_Transformer,,16.0
2925,1,0.1,City of Penticton,,7.0,Electric_Transformer,,27.0
3094,1,0.1,City of Penticton,,3.0,Electric_Transformer,,31.0
3318,1,0.1,City of Penticton,,3.0,Electric_Transformer,,67.0
3093,1,0.1,City of Penticton,,3.0,Electric_Transformer,,6.0
2952,1,0.1,City of Penticton,,3.0,Electric_Transformer,,17.0
2946,1,0.1,City of Penticton,,3.0,Electric_Transformer,,20.0
3515,1,0.1,City of Penticton,,3.0,Electric_Transformer,,20.0
3315,1,0.1,City of Penticton,,3.0,Electric_Transformer,,33.0
3918,1,0.1,City of Penticton,,7.0,Electric_Transformer,,119.0
3181,1,0.1,City of Penticton,,3.0,Electric_Transformer,,32.0
3514,1,0.1,City of Penticton,,3.0,Electric_Transformer,,22.0
3333,1,0.1,City of Penticton,,3.0,Electric_Transformer,,22.0
2994,1,0.1,City of Penticton,,3.0,Electric_Transformer,,27.0
3468,1,0.1,City of Penticton,,3.0,Electric_Transformer,,27.0
3316,1,0.1,City of Penticton,,3.0,Electric_Transformer,,19.0
3314,1,0.1,City of Penticton,,3.0,Electric_Transformer,,32.0
3332,1,0.1,City of Penticton,,3.0,Electric_Transformer,,69.0
3930,1,0.1,City of Penticton,,3.0,Electric_Transformer,,121.5
2957,1,0.1,City of Penticton,,7.0,Electric_Transformer,,32.7
3471,1,0.1,City of Penticton,,3.0,Electric_Transformer,,17.0
3684,1,0.1,City of Penticton,,3.0,Electric_Transformer,,67.5
3051,1,0.1,City of Penticton,,3.0,Electric_Transformer,,22.0
3909,1,0.1,City of Penticton,,3.0,Electric_Transformer,,8.0
2951,1,0.1,City of Penticton,,7.0,Electric_Transformer,,55.0
3470,1,0.1,City of Penticton,,7.0,Electric_Transformer,,43.0
3277,1,0.1,City of Penticton,,3.0,Electric_Transformer,,12.0
3469,1,0.1,City of Penticton,,3.0,Electric_Transformer,,9.0
3025,1,0.1,City of Penticton,,3.0,Electric_Transformer,,29.0
3177,1,0.1,City of Penticton,,3.0,Electric_Transformer,,38.0
3180,1,0.1,City of Penticton,,3.0,Electric_Transformer,,12.0
3105,1,0.1,City of Penticton,,7.0,Electric_Transformer,,2.0
3844,1,0.1,City of Penticton,,7.0,Electric_Transformer,,254.0
2909,1,0.1,City of Penticton,,3.0,Electric_Transformer,,12.0
3176,1,0.1,City of Penticton,,7.0,Electric_Transformer,,259.2
2956,1,0.1,City of Penticton,,7.0,Electric_Transformer,,86.4
3737,1,0.1,City of Penticton,,7.0,Electric_Transformer,,100.6
2971,1,0.1,City of Penticton,,3.0,Electric_Transformer,,12.0
3856,1,0.1,City of Penticton,,3.0,Electric_Transformer,,12.0
2991,1,0.1,City of Penticton,,7.0,Electric_Transformer,,201.2
3761,1,0.1,City of Penticton,,7.0,Electric_Transformer,,220.0
3272,1,0.1,City of Penticton,,3.0,Electric_Transformer,,35.0
3274,1,0.1,City of Penticton,,3.0,Electric_Transformer,,15.0
3303,1,0.1,City of Penticton,,7.0,Electric_Transformer,,69.0
3857,1,0.1,City of Penticton,,3.0,Electric_Transformer,,6.0
3379,1,0.1,City of Penticton,,3.0,Electric_Transformer,,10.0
3299,1,0.1,City of Penticton,,7.0,Electric_Transformer,,75.0
3273,1,0.1,City of Penticton,,3.0,Electric_Transformer,,25.0
3271,1,0.1,City of Penticton,,3.0,Electric_Transformer,,26.0
3301,1,0.1,City of Penticton,,7.0,Electric_Transformer,,56.0
3302,1,0.1,City of Penticton,,7.0,Electric_Transformer,,57.0
3858,1,0.1,City of Penticton,,3.0,Electric_Transformer,,8.0
3269,1,0.1,City of Penticton,,3.0,Electric_Transformer,,30.0
3270,1,0.1,City of Penticton,,3.0,Electric_Transformer,,55.3
3308,1,0.1,City of Penticton,,3.0,Electric_Transformer,,45.0
3865,1,0.1,City of Penticton,,3.0,Electric_Transformer,,97.4
3629,1,0.1,City of Penticton,,3.0,Electric_Transformer,,103.0
3493,1,0.1,City of Penticton,,3.0,Electric_Transformer,,4.0
3268,1,0.1,City of Penticton,,3.0,Electric_Transformer,,60.599999999999994
3267,1,0.1,City of Penticton,,3.0,Electric_Transformer,,90.0
3165,1,0.1,City of Penticton,,7.0,Electric_Transformer,,8.0
475,1,0.1,FortisBC,187.0,15.0,UNDERGROUND_TRANSFORMERS,3812.0,38.0
3310,1,0.1,City of Penticton,,3.0,Electric_Transformer,,72.0
3216,1,0.1,City of Penticton,,7.0,Electric_Transformer,,19.0
3698,1,0.1,City of Penticton,,3.0,Electric_Transformer,,64.0
3083,1,0.1,City of Penticton,,7.0,Electric_Transformer,,35.0
3512,1,0.1,City of Penticton,,3.0,Electric_Transformer,,14.5
3078,1,0.1,City of Penticton,,7.0,Electric_Transformer,,112.30000000000001
3309,1,0.1,City of Penticton,,3.0,Electric_Transformer,,21.0
3699,1,0.1,City of Penticton,,3.0,Electric_Transformer,,37.5
3394,1,0.1,City of Penticton,,3.0,Electric_Transformer,,111.0
3706,1,0.1,City of Penticton,,3.0,Electric_Transformer,,38.7
2972,1,0.1,City of Penticton,,7.0,Electric_Transformer,,2.0
3465,1,0.1,City of Penticton,,3.0,Electric_Transformer,,6.0
3107,1,0.1,City of Penticton,,7.0,Electric_Transformer,,89.0
3916,1,0.1,City of Penticton,,7.0,Electric_Transformer,,8.0
3119,1,0.1,City of Penticton,,7.0,Electric_Transformer,,25.6
3312,1,0.1,City of Penticton,,3.0,Electric_Transformer,,54.0
3867,1,0.1,City of Penticton,,7.0,Electric_Transformer,,27.0
2989,1,0.1,City of Penticton,,7.0,Electric_Transformer,,5.0
3306,1,0.1,City of Penticton,,3.0,Electric_Transformer,,44.0
3164,1,0.1,City of Penticton,,7.0,Electric_Transformer,,2.0
3313,1,0.1,City of Penticton,,3.0,Electric_Transformer,,28.0
3513,1,0.1,City of Penticton,,3.0,Electric_Transformer,,125.0
3307,1,0.1,City of Penticton,,3.0,Electric_Transformer,,130.7
3764,1,0.1,City of Penticton,,7.0,Electric_Transformer,,145.0
2990,1,0.1,City of Penticton,,7.0,Electric_Transformer,,199.0
3509,1,0.1,City of Penticton,,7.0,Electric_Transformer,,160.0
3108,1,0.1,City of Penticton,,7.0,Electric_Transformer,,1.0
488,1,0.1,FortisBC,187.0,15.0,UNDERGROUND_TRANSFORMERS,2679.0,50.0
3727,1,0.1,City of Penticton,,7.0,Electric_Transformer,,146.0
3189,1,0.1,City of Penticton,,7.0,Electric_Transformer,,140.0
3829,1,0.1,City of Penticton,,7.0,Electric_Transformer,,268.0
3743,1,0.1,City of Penticton,,7.0,Electric_Transformer,,137.0
3120,1,0.1,City of Penticton,,7.0,Electric_Transformer,,15.0
3143,1,0.1,City of Penticton,,7.0,Electric_Transformer,,31.0
3186,1,0.1,City of Penticton,,7.0,Electric_Transformer,,21.0
3626,1,0.1,City of Penticton,,3.0,Electric_Transformer,,41.0
3511,1,0.1,City of Penticton,,7.0,Electric_Transformer,,1.0
2977,1,0.1,City of Penticton,,7.0,Electric_Transformer,,2.0
3705,1,0.1,City of Penticton,,7.0,Electric_Transformer,,159.7
3215,1,0.1,City of Penticton,,7.0,Electric_Transformer,,2.0
3076,1,0.1,City of Penticton,,7.0,Electric_Transformer,,104.0
3109,1,0.1,City of Penticton,,7.0,Electric_Transformer,,75.0
3388,1,0.1,City of Penticton,,3.0,Electric_Transformer,,195.5
3389,1,0.1,City of Penticton,,7.0,Electric_Transformer,,7.0
3643,1,0.1,City of Penticton,,7.0,Electric_Transformer,,80.5
2911,1,0.1,City of Penticton,,3.0,Electric_Transformer,,25.0
3636,1,0.1,City of Penticton,,3.0,Electric_Transformer,,25.5
3095,1,0.1,City of Penticton,,3.0,Electric_Transformer,,10.5
3331,1,0.1,City of Penticton,,3.0,Electric_Transformer,,122.1
3655,1,0.1,City of Penticton,,3.0,Electric_Transformer,,78.0
3605,1,0.1,City of Penticton,,3.0,Electric_Transformer,,29.0
3056,1,0.1,City of Penticton,,7.0,Electric_Transformer,,1.0
3893,1,0.1,City of Penticton,,3.0,Electric_Transformer,,64.0
3220,1,0.1,City of Penticton,,7.0,Electric_Transformer,,126.89999999999999
3117,1,0.1,City of Penticton,,7.0,Electric_Transformer,,40.0
3116,1,0.1,City of Penticton,,7.0,Electric_Transformer,,440.20000000000005
2988,1,0.1,City of Penticton,,7.0,Electric_Transformer,,106.0
3860,1,0.1,City of Penticton,,7.0,Electric_Transformer,,5.0
2976,1,0.1,City of Penticton,,7.0,Electric_Transformer,,27.0
3641,1,0.1,City of Penticton,,3.0,Electric_Transformer,,12.0
3115,1,0.1,City of Penticton,,3.0,Electric_Transformer,,6.0
3212,1,0.1,City of Penticton,,7.0,Electric_Transformer,,22.0
3118,1,0.1,City of Penticton,,7.0,Electric_Transformer,,181.0
3214,1,0.1,City of Penticton,,7.0,Electric_Transformer,,163.0
2942,1,0.1,City of Penticton,,3.0,Electric_Transformer,,22.0
2943,1,0.1,City of Penticton,,3.0,Electric_Transformer,,24.0
2944,1,0.1,City of Penticton,,3.0,Electric_Transformer,,24.0
3096,1,0.1,City of Penticton,,3.0,Electric_Transformer,,11.0
3156,1,0.1,City of Penticton,,3.0,Electric_Transformer,,18.0
2984,1,0.1,City of Penticton,,7.0,Electric_Transformer,,193.90000000000003
3155,1,0.1,City of Penticton,,3.0,Electric_Transformer,,12.0
3703,1,0.1,City of Penticton,,7.0,Electric_Transformer,,125.0
3704,1,0.1,City of Penticton,,7.0,Electric_Transformer,,13.0
2940,1,0.1,City of Penticton,,7.0,Electric_Transformer,,11.0
3861,1,0.1,City of Penticton,,3.0,Electric_Transformer,,81.5
2923,1,0.1,City of Penticton,,3.0,Electric_Transformer,,49.0
3752,1,0.1,City of Penticton,,7.0,Electric_Transformer,,92.5
3780,1,0.1,City of Penticton,,3.0,Electric_Transformer,,97.5
3147,1,0.1,City of Penticton,,7.0,Electric_Transformer,,14.0
2982,1,0.1,City of Penticton,,7.0,Electric_Transformer,,172.0
3758,1,0.1,City of Penticton,,7.0,Electric_Transformer,,113.0
2938,1,0.1,City of Penticton,,3.0,Electric_Transformer,,33.400000000000006
3884,1,0.1,City of Penticton,,7.0,Electric_Transformer,,98.0
3678,1,0.1,City of Penticton,,3.0,Electric_Transformer,,39.8
3679,1,0.1,City of Penticton,,3.0,Electric_Transformer,,28.0
3628,1,0.1,City of Penticton,,7.0,Electric_Transformer,,46.0
2906,1,0.1,City of Penticton,,3.0,Electric_Transformer,,98.8
3074,1,0.1,City of Penticton,,3.0,Electric_Transformer,,82.0
3792,1,0.1,City of Penticton,,3.0,Electric_Transformer,,50.2
3873,1,0.1,City of Penticton,,7.0,Electric_Transformer,,267.40000000000003
2985,1,0.1,City of Penticton,,7.0,Electric_Transformer,,6.0
3842,1,0.1,City of Penticton,,3.0,Electric_Transformer,,40.0
2934,1,0.1,City of Penticton,,3.0,Electric_Transformer,,386.5
3731,1,0.1,City of Penticton,,7.0,Electric_Transformer,,54.4
3785,1,0.1,City of Penticton,,7.0,Electric_Transformer,,225.90000000000003
3846,1,0.1,City of Penticton,,3.0,Electric_Transformer,,184.0
3805,1,0.1,City of Penticton,,7.0,Electric_Transformer,,2.0
3782,1,0.1,City of Penticton,,7.0,Electric_Transformer,,225.5
3152,1,0.1,City of Penticton,,7.0,Electric_Transformer,,88.0
3053,1,0.1,City of Penticton,,3.0,Electric_Transformer,,7.0
2980,1,0.1,City of Penticton,,7.0,Electric_Transformer,,33.0
3304,1,0.1,City of Penticton,,3.0,Electric_Transformer,,90.0
3072,1,0.1,City of Penticton,,7.0,Electric_Transformer,,131.0
3675,1,0.1,City of Penticton,,7.0,Electric_Transformer,,83.1
3230,1,0.1,City of Penticton,,3.0,Electric_Transformer,,233.0
3652,1,0.1,City of Penticton,,7.0,Electric_Transformer,,95.5
2979,1,0.1,City of Penticton,,7.0,Electric_Transformer,,3.0
3086,1,0.1,City of Penticton,,7.0,Electric_Transformer,,49.0
3423,1,0.1,City of Penticton,,7.0,Electric_Transformer,,72.0
3131,1,0.1,City of Penticton,,7.0,Electric_Transformer,,7.0
3163,1,0.1,City of Penticton,,7.0,Electric_Transformer,,161.0
3142,1,0.1,City of Penticton,,3.0,Electric_Transformer,,14.0
3211,1,0.1,City of Penticton,,3.0,Electric_Transformer,,10.0
3900,1,0.1,City of Penticton,,3.0,Electric_Transformer,,23.0
3879,1,0.1,City of Penticton,,3.0,Electric_Transformer,,141.0
3923,1,0.1,City of Penticton,,7.0,Electric_Transformer,,5.7
3430,1,0.1,City of Penticton,,7.0,Electric_Transformer,,33.0
3501,1,0.1,City of Penticton,,7.0,Electric_Transformer,,6.0
3603,1,0.1,City of Penticton,,7.0,Electric_Transformer,,78.0
3496,1,0.1,City of Penticton,,7.0,Electric_Transformer,,73.0
3604,1,0.1,City of Penticton,,7.0,Electric_Transformer,,96.0
3500,1,0.1,City of Penticton,,7.0,Electric_Transformer,,4.0
3092,1,0.1,City of Penticton,,7.0,Electric_Transformer,,47.0
3726,1,0.1,City of Penticton,,7.0,Electric_Transformer,,33.5
3843,1,0.1,City of Penticton,,3.0,Electric_Transformer,,104.0
3429,1,0.1,City of Penticton,,7.0,Electric_Transformer,,25.0
3802,1,0.1,City of Penticton,,7.0,Electric_Transformer,,1.0
3898,1,0.1,City of Penticton,,7.0,Electric_Transformer,,16.4
3788,1,0.1,City of Penticton,,3.0,Electric_Transformer,,147.0
3193,1,0.1,City of Penticton,,3.0,Electric_Transformer,,309.0
2939,1,0.1,City of Penticton,,7.0,Electric_Transformer,,109.0
3809,1,0.1,City of Penticton,,3.0,Electric_Transformer,,59.0
3883,1,0.1,City of Penticton,,3.0,Electric_Transformer,,1.0
477,1,0.1,FortisBC,150.0,3.0,UNDERGROUND_TRANSFORMERS,617.0,10.0
2983,1,0.1,City of Penticton,,7.0,Electric_Transformer,,1.5
2941,1,0.1,City of Penticton,,7.0,Electric_Transformer,,155.0
3869,1,0.1,City of Penticton,,7.0,Electric_Transformer,,111.0
3414,1,0.1,City of Penticton,,7.0,Electric_Transformer,,6.0
3787,1,0.1,City of Penticton,,3.0,Electric_Transformer,,43.0
476,1,0.1,FortisBC,150.0,3.0,UNDERGROUND_TRANSFORMERS,0.0,12.0
3890,1,0.1,City of Penticton,,3.0,Electric_Transformer,,1.0
3817,1,0.1,City of Penticton,,3.0,Electric_Transformer,,50.0
3104,1,0.1,City of Penticton,,3.0,Electric_Transformer,,85.0
3242,1,0.1,City of Penticton,,3.0,Electric_Transformer,,87.0
3209,1,0.1,City of Penticton,,3.0,Electric_Transformer,,62.900000000000006
3808,1,0.1,City of Penticton,,3.0,Electric_Transformer,,247.8
480,1,0.1,FortisBC,150.0,3.0,UNDERGROUND_TRANSFORMERS,0.0,6.0
3901,1,0.1,City of Penticton,,3.0,Electric_Transformer,,43.5
3891,1,0.1,City of Penticton,,7.0,Electric_Transformer,,65.0
482,1,0.1,FortisBC,150.0,3.0,UNDERGROUND_TRANSFORMERS,0.0,12.0
3499,1,0.1,City of Penticton,,7.0,Electric_Transformer,,47.0
3925,1,0.1,City of Penticton,,7.0,Electric_Transformer,,135.0
2981,1,0.1,City of Penticton,,3.0,Electric_Transformer,,25.0
3784,1,0.1,City of Penticton,,3.0,Electric_Transformer,,43.0
483,1,0.1,FortisBC,150.0,3.0,UNDERGROUND_TRANSFORMERS,645.0,9.0
3213,1,0.1,City of Penticton,,7.0,Electric_Transformer,,57.199999999999996
3187,1,0.1,City of Penticton,,3.0,Electric_Transformer,,20.0
3157,1,0.1,City of Penticton,,7.0,Electric_Transformer,,131.0
3931,1,0.1,City of Penticton,,7.0,Electric_Transformer,,23.0
3431,1,0.1,City of Penticton,,7.0,Electric_Transformer,,53.0
3077,1,0.1,City of Penticton,,7.0,Electric_Transformer,,43.5
3897,1,0.1,City of Penticton,,3.0,Electric_Transformer,,18.0
3136,1,0.1,City of Penticton,,3.0,Electric_Transformer,,6.0
3677,1,0.1,City of Penticton,,7.0,Electric_Transformer,,22.0
3432,1,0.1,City of Penticton,,7.0,Electric_Transformer,,6.0
3778,1,0.1,City of Penticton,,3.0,Electric_Transformer,,39.5
3530,1,0.1,City of Penticton,,7.0,Electric_Transformer,,25.0
3660,1,0.1,City of Penticton,,7.0,Electric_Transformer,,26.0
3917,1,0.1,City of Penticton,,3.0,Electric_Transformer,,156.0
3006,1,0.1,City of Penticton,,7.0,Electric_Transformer,,21.0
485,1,0.1,FortisBC,150.0,3.0,UNDERGROUND_TRANSFORMERS,0.0,11.0
3033,1,0.1,City of Penticton,,3.0,Electric_Transformer,,19.0
3498,1,0.1,City of Penticton,,7.0,Electric_Transformer,,67.0
3198,1,0.1,City of Penticton,,3.0,Electric_Transformer,,54.0
3924,1,0.1,City of Penticton,,7.0,Electric_Transformer,,1.0
3766,1,0.1,City of Penticton,,3.0,Electric_Transformer,,12.0
3899,1,0.1,City of Penticton,,3.0,Electric_Transformer,,42.0
486,1,0.1,FortisBC,150.0,3.0,UNDERGROUND_TRANSFORMERS,0.0,9.0
487,1,0.1,FortisBC,150.0,3.0,UNDERGROUND_TRANSFORMERS,0.0,15.0
3793,1,0.1,City of Penticton,,7.0,Electric_Transformer,,136.3
3791,1,0.1,City of Penticton,,7.0,Electric_Transformer,,272.6
3070,1,0.1,City of Penticton,,7.0,Electric_Transformer,,34.0
3007,1,0.1,City of Penticton,,7.0,Electric_Transformer,,138.0
3057,1,0.1,City of Penticton,,7.0,Electric_Transformer,,47.0
490,1,0.1,FortisBC,150.0,3.0,UNDERGROUND_TRANSFORMERS,2580.0,8.0
2945,1,0.1,City of Penticton,,7.0,Electric_Transformer,,32.800000000000004
3433,1,0.1,City of Penticton,,3.0,Electric_Transformer,,6.0
3068,1,0.1,City of Penticton,,3.0,Electric_Transformer,,92.0
2927,1,0.1,City of Penticton,,7.0,Electric_Transformer,,213.5
489,1,0.1,FortisBC,150.0,3.0,UNDERGROUND_TRANSFORMERS,0.0,7.0
3854,1,0.1,City of Penticton,,7.0,Electric_Transformer,,1.0
491,1,0.1,FortisBC,150.0,3.0,UNDERGROUND_TRANSFORMERS,0.0,9.0
492,1,0.1,FortisBC,150.0,3.0,UNDERGROUND_TRANSFORMERS,0.0,14.0
3168,1,0.1,City of Penticton,,7.0,Electric_Transformer,,48.0
3134,1,0.1,City of Penticton,,3.0,Electric_Transformer,,8.0
3596,1,0.1,City of Penticton,,7.0,Electric_Transformer,,46.0
3073,1,0.1,City of Penticton,,7.0,Electric_Transformer,,203.0
3004,1,0.1,City of Penticton,,7.0,Electric_Transformer,,46.0
493,1,0.1,FortisBC,150.0,3.0,UNDERGROUND_TRANSFORMERS,0.0,8.0
494,1,0.1,FortisBC,150.0,3.0,UNDERGROUND_TRANSFORMERS,0.0,14.0
497,1,0.1,FortisBC,150.0,3.0,UNDERGROUND_TRANSFORMERS,3964.0,11.0
495,1,0.1,FortisBC,150.0,3.0,UNDERGROUND_TRANSFORMERS,0.0,7.0
496,1,0.1,FortisBC,150.0,3.0,UNDERGROUND_TRANSFORMERS,0.0,14.0
3167,1,0.1,City of Penticton,,7.0,Electric_Transformer,,126.0
3631,1,0.1,City of Penticton,,3.0,Electric_Transformer,,8.0
3154,1,0.1,City of Penticton,,7.0,Electric_Transformer,,136.5
2932,1,0.1,City of Penticton,,7.0,Electric_Transformer,,273.0
499,1,0.1,FortisBC,150.0,3.0,UNDERGROUND_TRANSFORMERS,0.0,2.0
502,1,0.1,FortisBC,150.0,3.0,UNDERGROUND_TRANSFORMERS,0.0,10.0
3630,1,0.1,City of Penticton,,7.0,Electric_Transformer,,116.0
503,1,0.1,FortisBC,150.0,3.0,UNDERGROUND_TRANSFORMERS,0.0,7.0
504,1,0.1,FortisBC,150.0,3.0,UNDERGROUND_TRANSFORMERS,0.0,8.0
3882,1,0.1,City of Penticton,,3.0,Electric_Transformer,,7.0
506,1,0.1,FortisBC,150.0,3.0,UNDERGROUND_TRANSFORMERS,0.0,6.0
507,1,0.1,FortisBC,150.0,3.0,UNDERGROUND_TRANSFORMERS,0.0,11.0
508,1,0.1,FortisBC,150.0,3.0,UNDERGROUND_TRANSFORMERS,0.0,4.0
509,1,0.1,FortisBC,150.0,3.0,UNDERGROUND_TRANSFORMERS,0.0,3.0
510,1,0.1,FortisBC,187.0,15.0,UNDERGROUND_TRANSFORMERS,0.0,1.0
511,1,0.1,FortisBC,150.0,3.0,UNDERGROUND_TRANSFORMERS,97.0,77.0
3526,1,0.1,City of Penticton,,7.0,Electric_Transformer,,5.0
3757,1,0.1,City of Penticton,,3.0,Electric_Transformer,,7.0
518,1,0.1,FortisBC,230.0,15.0,UNDERGROUND_TRANSFORMERS,121.0,150.5
520,1,0.1,FortisBC,172.0,3.0,UNDERGROUND_TRANSFORMERS,1408.0,1536.5999999999997
521,1,0.1,FortisBC,230.0,15.0,UNDERGROUND_TRANSFORMERS,500.0,527.4000000000001
522,1,0.1,FortisBC,172.0,3.0,UNDERGROUND_TRANSFORMERS,28.0,25.0
523,1,0.1,FortisBC,172.0,3.0,UNDERGROUND_TRANSFORMERS,611.0,582.7
524,1,0.1,BC Hydro Distribution,,,UG_TRANSFORMER,123.0,127.40000000000015
525,1,0.1,FortisBC,172.0,3.0,UNDERGROUND_TRANSFORMERS,0.0,2.0
527,1,0.1,FortisBC,172.0,3.0,UNDERGROUND_TRANSFORMERS,1.0,1.0
529,1,0.1,FortisBC,172.0,3.0,UNDERGROUND_TRANSFORMERS,1.0,2.0
530,1,0.1,FortisBC,172.0,3.0,UNDERGROUND_TRANSFORMERS,1.0,2.0
531,1,0.1,FortisBC,230.0,15.0,UNDERGROUND_TRANSFORMERS,0.0,7.0
532,1,0.1,FortisBC,172.0,3.0,UNDERGROUND_TRANSFORMERS,56.0,59.9
533,1,0.1,FortisBC,172.0,3.0,UNDERGROUND_TRANSFORMERS,10.0,10.0
534,1,0.1,FortisBC,230.0,15.0,UNDERGROUND_TRANSFORMERS,0.0,3.0
535,1,0.1,BC Hydro Distribution,,,UG_TRANSFORMER,31.0,8.0
536,1,0.1,BC Hydro Distribution,,,UG_TRANSFORMER,339.0,358.3
537,1,0.1,BC Hydro Distribution,,,UG_TRANSFORMER,140.0,107.89999999999999
538,1,0.1,BC Hydro Distribution,,,UG_TRANSFORMER,234.0,228.0
539,1,0.1,BC Hydro Distribution,,,UG_TRANSFORMER,118.0,105.1
540,1,0.1,BC Hydro Distribution,,,UG_TRANSFORMER,31.0,32.6
541,1,0.1,BC Hydro Distribution,,,UG_TRANSFORMER,6.0,208.0
542,1,0.1,BC Hydro Distribution,,,UG_TRANSFORMER,0.0,1.0
545,1,0.1,BC Hydro Distribution,,,UG_TRANSFORMER,83.0,245.0
550,1,0.1,BC Hydro Distribution,,,UG_TRANSFORMER,39.0,33.0
551,1,0.1,FortisBC,230.0,15.0,UNDERGROUND_TRANSFORMERS,2.0,3.0
552,1,0.1,BC Hydro Distribution,,,UG_TRANSFORMER,67.0,71.0
553,1,0.1,BC Hydro Distribution,,,UG_TRANSFORMER,21.0,16.0
554,1,0.1,BC Hydro Distribution,,,UG_TRANSFORMER,62.0,46.2
555,1,0.1,BC Hydro Distribution,,,UG_TRANSFORMER,18.0,21.0
556,1,0.1,BC Hydro Distribution,,,UG_TRANSFORMER,11.0,8.0
559,1,0.1,BC Hydro Distribution,,,UG_TRANSFORMER,149.0,122.0
560,1,0.1,FortisBC,230.0,15.0,UNDERGROUND_TRANSFORMERS,48.0,43.0
561,1,0.1,BC Hydro Distribution,,,UG_TRANSFORMER,30.0,25.6
562,1,0.1,BC Hydro Distribution,,,UG_TRANSFORMER,43.0,37.0
565,1,0.1,BC Hydro Distribution,,,UG_TRANSFORMER,53.0,71.1
566,1,0.1,BC Hydro Distribution,,,UG_TRANSFORMER,77.0,74.0
567,1,0.1,FortisBC,10.0,3.0,UNDERGROUND_TRANSFORMERS,22.0,20.099999999999998
568,1,0.1,FortisBC,172.0,3.0,UNDERGROUND_TRANSFORMERS,14.0,10.0
569,1,0.1,FortisBC,172.0,3.0,UNDERGROUND_TRANSFORMERS,13.0,17.0
576,1,0.1,BC Hydro Distribution,,,UG_TRANSFORMER,54.0,51.9
581,1,0.1,FortisBC,230.0,15.0,UNDERGROUND_TRANSFORMERS,21.0,16.0
582,1,0.1,FortisBC,172.0,3.0,UNDERGROUND_TRANSFORMERS,45.0,32.0
583,1,0.1,BC Hydro Distribution,,,UG_TRANSFORMER,108.0,111.0
592,1,0.1,FortisBC,172.0,3.0,UNDERGROUND_TRANSFORMERS,40.0,20.1
596,1,0.1,FortisBC,172.0,3.0,UNDERGROUND_TRANSFORMERS,19.0,10.0
597,1,0.1,FortisBC,172.0,3.0,UNDERGROUND_TRANSFORMERS,22.0,16.0
600,1,0.1,FortisBC,172.0,3.0,UNDERGROUND_TRANSFORMERS,27.0,17.0
601,1,0.1,FortisBC,172.0,3.0,UNDERGROUND_TRANSFORMERS,28.0,13.0
603,1,0.1,FortisBC,172.0,3.0,UNDERGROUND_TRANSFORMERS,48.0,29.0
604,1,0.1,FortisBC,172.0,3.0,UNDERGROUND_TRANSFORMERS,29.0,16.0
609,1,0.1,FortisBC,172.0,3.0,UNDERGROUND_TRANSFORMERS,43.0,39.0
610,1,0.1,FortisBC,172.0,3.0,UNDERGROUND_TRANSFORMERS,32.0,23.0
614,1,0.1,FortisBC,172.0,3.0,UNDERGROUND_TRANSFORMERS,115.0,84.0
615,1,0.1,BC Hydro Distribution,,,UG_TRANSFORMER,171.0,326.0
619,1,0.1,FortisBC,172.0,3.0,UNDERGROUND_TRANSFORMERS,22.0,13.0
623,1,0.1,FortisBC,172.0,3.0,UNDERGROUND_TRANSFORMERS,28.0,24.0
624,1,0.1,FortisBC,172.0,3.0,UNDERGROUND_TRANSFORMERS,31.0,27.0
625,1,0.1,FortisBC,172.0,3.0,UNDERGROUND_TRANSFORMERS,18.0,12.0
626,1,0.1,FortisBC,172.0,3.0,UNDERGROUND_TRANSFORMERS,90.0,61.5
630,1,0.1,FortisBC,230.0,15.0,UNDERGROUND_TRANSFORMERS,18.0,14.0
632,1,0.1,FortisBC,172.0,3.0,UNDERGROUND_TRANSFORMERS,34.0,16.0
642,1,0.1,FortisBC,230.0,15.0,UNDERGROUND_TRANSFORMERS,15.0,10.0
647,1,0.1,BC Hydro Distribution,,,UG_TRANSFORMER,0.0,22.0
648,1,0.1,BC Hydro Distribution,,,UG_TRANSFORMER,23.0,42.900000000000006
659,1,0.1,FortisBC,172.0,3.0,UNDERGROUND_TRANSFORMERS,96.0,77.0
662,1,0.1,BC Hydro Distribution,,,UG_TRANSFORMER,0.0,38.0
663,1,0.1,BC Hydro Distribution,,,UG_TRANSFORMER,0.0,10.0
664,1,0.1,BC Hydro Distribution,,,UG_TRANSFORMER,0.0,4.0
666,1,0.1,BC Hydro Distribution,,,UG_TRANSFORMER,150.0,139.0
670,1,0.1,FortisBC,172.0,3.0,UNDERGROUND_TRANSFORMERS,54.0,38.0
677,1,0.1,FortisBC,172.0,3.0,UNDERGROUND_TRANSFORMERS,29.0,22.0
678,1,0.1,FortisBC,172.0,3.0,UNDERGROUND_TRANSFORMERS,25.0,15.5
680,1,0.1,BC Hydro Distribution,,,UG_TRANSFORMER,0.0,43.0
682,1,0.1,FortisBC,172.0,3.0,UNDERGROUND_TRANSFORMERS,21.0,17.0
691,1,0.1,FortisBC,230.0,15.0,UNDERGROUND_TRANSFORMERS,11.0,1.0
693,1,0.1,BC Hydro Distribution,,,UG_TRANSFORMER,85.0,76.0
694,1,0.1,BC Hydro Distribution,,,UG_TRANSFORMER,48.0,44.0
695,1,0.1,FortisBC,172.0,3.0,UNDERGROUND_TRANSFORMERS,19.0,17.5
698,1,0.1,FortisBC,172.0,3.0,UNDERGROUND_TRANSFORMERS,11.0,11.0
703,1,0.1,BC Hydro Distribution,,,UG_TRANSFORMER,117.0,97.0
705,1,0.1,BC Hydro Distribution,,,UG_TRANSFORMER,110.0,104.0
706,1,0.1,BC Hydro Distribution,,,UG_TRANSFORMER,42.0,39.0
707,1,0.1,BC Hydro Distribution,,,UG_TRANSFORMER,43.0,54.0
728,1,0.1,BC Hydro Distribution,,,UG_TRANSFORMER,394.0,399.9
733,1,0.1,FortisBC,172.0,3.0,UNDERGROUND_TRANSFORMERS,56.0,44.5
736,1,0.1,FortisBC,172.0,3.0,UNDERGROUND_TRANSFORMERS,44.0,40.0
737,1,0.1,FortisBC,172.0,3.0,UNDERGROUND_TRANSFORMERS,29.0,27.5
738,1,0.1,FortisBC,172.0,3.0,UNDERGROUND_TRANSFORMERS,52.0,32.0
741,1,0.1,FortisBC,172.0,3.0,UNDERGROUND_TRANSFORMERS,35.0,23.5
742,1,0.1,BC Hydro Distribution,,,UG_TRANSFORMER,70.0,72.0
743,1,0.1,FortisBC,172.0,3.0,UNDERGROUND_TRANSFORMERS,77.0,24.0
744,1,0.1,FortisBC,172.0,3.0,UNDERGROUND_TRANSFORMERS,75.0,25.0
745,1,0.1,FortisBC,172.0,3.0,UNDERGROUND_TRANSFORMERS,82.0,12.0
746,1,0.1,FortisBC,172.0,3.0,UNDERGROUND_TRANSFORMERS,41.0,12.0
747,1,0.1,FortisBC,172.0,3.0,UNDERGROUND_TRANSFORMERS,41.0,7.0
748,1,0.1,FortisBC,172.0,3.0,UNDERGROUND_TRANSFORMERS,101.0,30.0
749,1,0.1,FortisBC,172.0,3.0,UNDERGROUND_TRANSFORMERS,82.0,30.0
750,1,0.1,BC Hydro Distribution,,,UG_TRANSFORMER,36.0,45.0
751,1,0.1,BC Hydro Distribution,,,UG_TRANSFORMER,24.0,19.0
752,1,0.1,BC Hydro Distribution,,,UG_TRANSFORMER,54.0,51.0
753,1,0.1,FortisBC,172.0,3.0,UNDERGROUND_TRANSFORMERS,76.0,69.7
754,1,0.1,FortisBC,172.0,3.0,UNDERGROUND_TRANSFORMERS,31.0,19.0
755,1,0.1,FortisBC,172.0,3.0,UNDERGROUND_TRANSFORMERS,0.0,1.0
756,1,0.1,FortisBC,230.0,15.0,UNDERGROUND_TRANSFORMERS,0.0,5.0
757,1,0.1,BC Hydro Distribution,,,UG_TRANSFORMER,71.0,45.0
758,1,0.1,BC Hydro Distribution,,,UG_TRANSFORMER,27.0,15.0
759,1,0.1,BC Hydro Distribution,,,UG_TRANSFORMER,54.0,27.0
761,1,0.1,BC Hydro Distribution,,,UG_TRANSFORMER,36.0,31.0
763,1,0.1,FortisBC,230.0,15.0,UNDERGROUND_TRANSFORMERS,74.0,60.7
764,1,0.1,FortisBC,230.0,15.0,UNDERGROUND_TRANSFORMERS,95.0,31.7
765,1,0.1,FortisBC,172.0,3.0,UNDERGROUND_TRANSFORMERS,121.0,12.0
766,1,0.1,FortisBC,230.0,15.0,UNDERGROUND_TRANSFORMERS,102.0,48.0
767,1,0.1,FortisBC,172.0,3.0,UNDERGROUND_TRANSFORMERS,83.0,12.0
768,1,0.1,FortisBC,230.0,15.0,UNDERGROUND_TRANSFORMERS,173.0,86.0
769,1,0.1,FortisBC,230.0,15.0,UNDERGROUND_TRANSFORMERS,273.0,87.0
771,1,0.1,FortisBC,230.0,15.0,UNDERGROUND_TRANSFORMERS,195.0,100.0
772,1,0.1,FortisBC,172.0,3.0,UNDERGROUND_TRANSFORMERS,37.0,31.900000000000002
775,1,0.1,BC Hydro Distribution,,,UG_TRANSFORMER,197.0,210.0
777,1,0.1,FortisBC,230.0,15.0,UNDERGROUND_TRANSFORMERS,282.0,86.0
779,1,0.1,FortisBC,172.0,3.0,UNDERGROUND_TRANSFORMERS,35.0,6.0
780,1,0.1,FortisBC,172.0,3.0,UNDERGROUND_TRANSFORMERS,49.0,24.0
781,1,0.1,FortisBC,172.0,3.0,UNDERGROUND_TRANSFORMERS,53.0,30.0
782,1,0.1,FortisBC,172.0,3.0,UNDERGROUND_TRANSFORMERS,35.0,18.0
783,1,0.1,FortisBC,172.0,3.0,UNDERGROUND_TRANSFORMERS,49.0,26.799999999999997
787,1,0.1,FortisBC,230.0,15.0,UNDERGROUND_TRANSFORMERS,80.0,79.0
788,1,0.1,FortisBC,172.0,3.0,UNDERGROUND_TRANSFORMERS,58.0,18.0
790,1,0.1,FortisBC,172.0,3.0,UNDERGROUND_TRANSFORMERS,37.0,13.0
791,1,0.1,FortisBC,172.0,3.0,UNDERGROUND_TRANSFORMERS,23.0,12.0
792,1,0.1,FortisBC,172.0,3.0,UNDERGROUND_TRANSFORMERS,34.0,20.0
793,1,0.1,FortisBC,172.0,3.0,UNDERGROUND_TRANSFORMERS,26.0,17.0
794,1,0.1,FortisBC,172.0,3.0,UNDERGROUND_TRANSFORMERS,42.0,29.0
795,1,0.1,BC Hydro Distribution,,,UG_TRANSFORMER,16.0,16.0
796,1,0.1,BC Hydro Distribution,,,UG_TRANSFORMER,46.0,58.0
797,1,0.1,FortisBC,230.0,15.0,UNDERGROUND_TRANSFORMERS,7.0,10.0
799,1,0.1,FortisBC,172.0,3.0,UNDERGROUND_TRANSFORMERS,53.0,33.0
800,1,0.1,FortisBC,172.0,3.0,UNDERGROUND_TRANSFORMERS,46.0,36.0
801,1,0.1,FortisBC,172.0,3.0,UNDERGROUND_TRANSFORMERS,37.0,37.0
802,1,0.1,FortisBC,172.0,3.0,UNDERGROUND_TRANSFORMERS,53.0,42.0
803,1,0.1,FortisBC,230.0,15.0,UNDERGROUND_TRANSFORMERS,43.0,18.0
804,1,0.1,FortisBC,172.0,3.0,UNDERGROUND_TRANSFORMERS,55.0,43.0
806,1,0.1,FortisBC,172.0,3.0,UNDERGROUND_TRANSFORMERS,40.0,27.5
807,1,0.1,FortisBC,172.0,3.0,UNDERGROUND_TRANSFORMERS,44.0,40.0
809,1,0.1,FortisBC,172.0,3.0,UNDERGROUND_TRANSFORMERS,45.0,35.0
810,1,0.1,FortisBC,230.0,15.0,UNDERGROUND_TRANSFORMERS,70.0,52.0
811,1,0.1,FortisBC,172.0,3.0,UNDERGROUND_TRANSFORMERS,30.0,20.0
812,1,0.1,FortisBC,172.0,3.0,UNDERGROUND_TRANSFORMERS,23.0,20.0
813,1,0.1,FortisBC,230.0,15.0,UNDERGROUND_TRANSFORMERS,13.0,5.0
814,1,0.1,FortisBC,230.0,15.0,UNDERGROUND_TRANSFORMERS,19.0,15.0
816,1,0.1,FortisBC,172.0,3.0,UNDERGROUND_TRANSFORMERS,2.0,11.0
817,1,0.1,FortisBC,230.0,15.0,UNDERGROUND_TRANSFORMERS,25.0,20.0
818,1,0.1,FortisBC,230.0,15.0,UNDERGROUND_TRANSFORMERS,13.0,7.5
819,1,0.1,FortisBC,172.0,3.0,UNDERGROUND_TRANSFORMERS,22.0,15.0
820,1,0.1,FortisBC,172.0,3.0,UNDERGROUND_TRANSFORMERS,15.0,7.5
821,1,0.1,FortisBC,172.0,3.0,UNDERGROUND_TRANSFORMERS,29.0,25.0
822,1,0.1,FortisBC,172.0,3.0,UNDERGROUND_TRANSFORMERS,95.0,77.0
823,1,0.1,BC Hydro Distribution,,,UG_TRANSFORMER,53.0,49.0
824,1,0.1,BC Hydro Distribution,,,UG_TRANSFORMER,31.0,30.0
825,1,0.1,FortisBC,172.0,3.0,UNDERGROUND_TRANSFORMERS,17.0,12.5
826,1,0.1,FortisBC,230.0,15.0,UNDERGROUND_TRANSFORMERS,0.0,5.0
827,1,0.1,FortisBC,172.0,3.0,UNDERGROUND_TRANSFORMERS,65.0,39.2
828,1,0.1,FortisBC,172.0,3.0,UNDERGROUND_TRANSFORMERS,27.0,22.5
829,1,0.1,FortisBC,230.0,15.0,UNDERGROUND_TRANSFORMERS,72.0,119.5
830,1,0.1,FortisBC,172.0,3.0,UNDERGROUND_TRANSFORMERS,41.0,25.0
831,1,0.1,FortisBC,230.0,15.0,UNDERGROUND_TRANSFORMERS,25.0,16.099999999999998
832,1,0.1,FortisBC,172.0,3.0,UNDERGROUND_TRANSFORMERS,28.0,15.0
833,1,0.1,FortisBC,172.0,3.0,UNDERGROUND_TRANSFORMERS,29.0,129.0
834,1,0.1,FortisBC,172.0,3.0,UNDERGROUND_TRANSFORMERS,102.0,48.2
835,1,0.1,FortisBC,230.0,15.0,UNDERGROUND_TRANSFORMERS,40.0,36.8
836,1,0.1,FortisBC,172.0,3.0,UNDERGROUND_TRANSFORMERS,32.0,21.0
837,1,0.1,FortisBC,230.0,15.0,UNDERGROUND_TRANSFORMERS,41.0,41.0
838,1,0.1,BC Hydro Distribution,,,UG_TRANSFORMER,30.0,27.0
839,1,0.1,FortisBC,230.0,15.0,UNDERGROUND_TRANSFORMERS,117.0,51.0
840,1,0.1,FortisBC,230.0,15.0,UNDERGROUND_TRANSFORMERS,157.0,21.0
841,1,0.1,FortisBC,172.0,3.0,UNDERGROUND_TRANSFORMERS,24.0,16.0
842,1,0.1,FortisBC,172.0,3.0,UNDERGROUND_TRANSFORMERS,25.0,15.0
843,1,0.1,FortisBC,172.0,3.0,UNDERGROUND_TRANSFORMERS,57.0,31.7
844,1,0.1,FortisBC,10.0,3.0,UNDERGROUND_TRANSFORMERS,11.0,8.0
845,1,0.1,FortisBC,172.0,3.0,UNDERGROUND_TRANSFORMERS,20.0,18.0
846,1,0.1,FortisBC,172.0,3.0,UNDERGROUND_TRANSFORMERS,25.0,17.0
847,1,0.1,FortisBC,172.0,3.0,UNDERGROUND_TRANSFORMERS,17.0,17.0
849,1,0.1,FortisBC,172.0,3.0,UNDERGROUND_TRANSFORMERS,33.0,29.7
850,1,0.1,FortisBC,230.0,15.0,UNDERGROUND_TRANSFORMERS,82.0,62.5
851,1,0.1,FortisBC,172.0,3.0,UNDERGROUND_TRANSFORMERS,41.0,25.0
852,1,0.1,FortisBC,172.0,3.0,UNDERGROUND_TRANSFORMERS,28.0,22.0
853,1,0.1,FortisBC,172.0,3.0,UNDERGROUND_TRANSFORMERS,41.0,16.0
854,1,0.1,FortisBC,230.0,15.0,UNDERGROUND_TRANSFORMERS,129.0,87.9
855,1,0.1,FortisBC,230.0,15.0,UNDERGROUND_TRANSFORMERS,58.0,38.099999999999994
856,1,0.1,BC Hydro Distribution,,,UG_TRANSFORMER,27.0,20.0
857,1,0.1,FortisBC,172.0,3.0,UNDERGROUND_TRANSFORMERS,35.0,18.0
858,1,0.1,FortisBC,172.0,3.0,UNDERGROUND_TRANSFORMERS,22.0,17.0
859,1,0.1,FortisBC,230.0,15.0,UNDERGROUND_TRANSFORMERS,11.0,6.0
860,1,0.1,FortisBC,172.0,3.0,UNDERGROUND_TRANSFORMERS,21.0,16.0
861,1,0.1,FortisBC,172.0,3.0,UNDERGROUND_TRANSFORMERS,20.0,20.0
862,1,0.1,FortisBC,172.0,3.0,UNDERGROUND_TRANSFORMERS,18.0,18.0
863,1,0.1,FortisBC,230.0,15.0,UNDERGROUND_TRANSFORMERS,117.0,81.9
864,1,0.1,FortisBC,172.0,3.0,UNDERGROUND_TRANSFORMERS,27.0,15.0
865,1,0.1,FortisBC,172.0,3.0,UNDERGROUND_TRANSFORMERS,24.0,14.0
866,1,0.1,FortisBC,230.0,15.0,UNDERGROUND_TRANSFORMERS,0.0,28.0
867,1,0.1,FortisBC,172.0,3.0,UNDERGROUND_TRANSFORMERS,35.0,27.0
868,1,0.1,FortisBC,230.0,15.0,UNDERGROUND_TRANSFORMERS,3.0,436.0
869,1,0.1,FortisBC,230.0,15.0,UNDERGROUND_TRANSFORMERS,16.0,6.0
870,1,0.1,FortisBC,172.0,3.0,UNDERGROUND_TRANSFORMERS,21.0,16.0
871,1,0.1,FortisBC,172.0,3.0,UNDERGROUND_TRANSFORMERS,28.0,19.0
872,1,0.1,FortisBC,172.0,3.0,UNDERGROUND_TRANSFORMERS,22.0,20.0
873,1,0.1,FortisBC,172.0,3.0,UNDERGROUND_TRANSFORMERS,47.0,30.0
874,1,0.1,FortisBC,230.0,15.0,UNDERGROUND_TRANSFORMERS,8.0,28.0
875,1,0.1,FortisBC,172.0,3.0,UNDERGROUND_TRANSFORMERS,26.0,25.0
876,1,0.1,FortisBC,172.0,3.0,UNDERGROUND_TRANSFORMERS,30.0,22.0
877,1,0.1,FortisBC,230.0,15.0,UNDERGROUND_TRANSFORMERS,16.0,83.0
878,1,0.1,FortisBC,172.0,3.0,UNDERGROUND_TRANSFORMERS,35.0,28.0
879,1,0.1,FortisBC,172.0,3.0,UNDERGROUND_TRANSFORMERS,47.0,21.0
880,1,0.1,FortisBC,172.0,3.0,UNDERGROUND_TRANSFORMERS,44.0,39.0
881,1,0.1,FortisBC,172.0,3.0,UNDERGROUND_TRANSFORMERS,43.0,33.0
882,1,0.1,FortisBC,230.0,15.0,UNDERGROUND_TRANSFORMERS,53.0,21.0
883,1,0.1,FortisBC,172.0,3.0,UNDERGROUND_TRANSFORMERS,31.0,47.5
884,1,0.1,FortisBC,172.0,3.0,UNDERGROUND_TRANSFORMERS,23.0,54.0
885,1,0.1,FortisBC,172.0,3.0,UNDERGROUND_TRANSFORMERS,30.0,20.0
886,1,0.1,FortisBC,172.0,3.0,UNDERGROUND_TRANSFORMERS,59.0,36.0
887,1,0.1,FortisBC,172.0,3.0,UNDERGROUND_TRANSFORMERS,37.0,35.0
888,1,0.1,FortisBC,172.0,3.0,UNDERGROUND_TRANSFORMERS,41.0,50.0
889,1,0.1,FortisBC,172.0,3.0,UNDERGROUND_TRANSFORMERS,49.0,52.0
890,1,0.1,FortisBC,172.0,3.0,UNDERGROUND_TRANSFORMERS,28.0,42.0
891,1,0.1,FortisBC,172.0,3.0,UNDERGROUND_TRANSFORMERS,48.0,33.0
893,1,0.1,FortisBC,172.0,3.0,UNDERGROUND_TRANSFORMERS,32.0,35.0
894,1,0.1,FortisBC,172.0,3.0,UNDERGROUND_TRANSFORMERS,45.0,38.4
896,1,0.1,FortisBC,172.0,3.0,UNDERGROUND_TRANSFORMERS,62.0,47.5
897,1,0.1,FortisBC,172.0,3.0,UNDERGROUND_TRANSFORMERS,36.0,39.0
901,1,0.1,FortisBC,172.0,3.0,UNDERGROUND_TRANSFORMERS,54.0,48.0
902,1,0.1,FortisBC,172.0,3.0,UNDERGROUND_TRANSFORMERS,35.0,31.0
908,1,0.1,BC Hydro Distribution,,,UG_TRANSFORMER,29.0,23.900000000000002
909,1,0.1,BC Hydro Distribution,,,UG_TRANSFORMER,11.0,12.0
910,1,0.1,FortisBC,172.0,3.0,UNDERGROUND_TRANSFORMERS,87.0,65.0
914,1,0.1,FortisBC,230.0,15.0,UNDERGROUND_TRANSFORMERS,135.0,6.0
918,1,0.1,FortisBC,172.0,3.0,UNDERGROUND_TRANSFORMERS,74.0,14.5
922,1,0.1,FortisBC,172.0,3.0,UNDERGROUND_TRANSFORMERS,99.0,84.0
923,1,0.1,FortisBC,230.0,15.0,UNDERGROUND_TRANSFORMERS,135.0,6.0
924,1,0.1,FortisBC,172.0,3.0,UNDERGROUND_TRANSFORMERS,143.0,18.0
925,1,0.1,FortisBC,172.0,3.0,UNDERGROUND_TRANSFORMERS,119.0,12.0
926,1,0.1,FortisBC,172.0,3.0,UNDERGROUND_TRANSFORMERS,119.0,12.0
928,1,0.1,FortisBC,172.0,3.0,UNDERGROUND_TRANSFORMERS,22.0,17.0
929,1,0.1,FortisBC,172.0,3.0,UNDERGROUND_TRANSFORMERS,71.0,23.0
931,1,0.1,FortisBC,172.0,3.0,UNDERGROUND_TRANSFORMERS,119.0,100.0
936,1,0.1,FortisBC,230.0,15.0,UNDERGROUND_TRANSFORMERS,172.0,18.0
937,1,0.1,FortisBC,172.0,3.0,UNDERGROUND_TRANSFORMERS,14.0,9.0
939,1,0.1,FortisBC,230.0,15.0,UNDERGROUND_TRANSFORMERS,138.0,95.0
944,1,0.1,FortisBC,172.0,3.0,UNDERGROUND_TRANSFORMERS,53.0,51.0
948,1,0.1,FortisBC,172.0,3.0,UNDERGROUND_TRANSFORMERS,146.0,146.0
959,1,0.1,FortisBC,172.0,3.0,UNDERGROUND_TRANSFORMERS,92.0,39.0
960,1,0.1,FortisBC,172.0,3.0,UNDERGROUND_TRANSFORMERS,79.0,62.0
962,1,0.1,FortisBC,172.0,3.0,UNDERGROUND_TRANSFORMERS,40.0,26.0
963,1,0.1,FortisBC,172.0,3.0,UNDERGROUND_TRANSFORMERS,126.0,12.0
970,1,0.1,FortisBC,172.0,3.0,UNDERGROUND_TRANSFORMERS,135.0,9.0
973,1,0.1,FortisBC,230.0,15.0,UNDERGROUND_TRANSFORMERS,0.0,17.0
975,1,0.1,FortisBC,230.0,15.0,UNDERGROUND_TRANSFORMERS,94.0,86.0
977,1,0.1,FortisBC,172.0,3.0,UNDERGROUND_TRANSFORMERS,73.0,61.0
981,1,0.1,FortisBC,172.0,3.0,UNDERGROUND_TRANSFORMERS,48.0,34.3
982,1,0.1,FortisBC,172.0,3.0,UNDERGROUND_TRANSFORMERS,32.0,8.6
983,1,0.1,FortisBC,230.0,30.0,UNDERGROUND_TRANSFORMERS,46.0,30.0
986,1,0.1,FortisBC,172.0,3.0,UNDERGROUND_TRANSFORMERS,34.0,32.0
997,1,0.1,FortisBC,172.0,3.0,UNDERGROUND_TRANSFORMERS,37.0,18.0
999,1,0.1,FortisBC,172.0,3.0,UNDERGROUND_TRANSFORMERS,25.0,12.0
1003,1,0.1,FortisBC,172.0,3.0,UNDERGROUND_TRANSFORMERS,66.0,18.0
1005,1,0.1,FortisBC,172.0,3.0,UNDERGROUND_TRANSFORMERS,25.0,12.0
1006,1,0.1,FortisBC,172.0,3.0,UNDERGROUND_TRANSFORMERS,50.0,36.0
1007,1,0.1,FortisBC,172.0,3.0,UNDERGROUND_TRANSFORMERS,59.0,47.0
1010,1,0.1,BC Hydro Distribution,,,UG_TRANSFORMER,18.0,7.8
1011,1,0.1,BC Hydro Distribution,,,UG_TRANSFORMER,55.0,46.8
1012,1,0.1,FortisBC,172.0,3.0,UNDERGROUND_TRANSFORMERS,25.0,18.0
1013,1,0.1,FortisBC,172.0,3.0,UNDERGROUND_TRANSFORMERS,18.0,12.0
1014,1,0.1,FortisBC,172.0,3.0,UNDERGROUND_TRANSFORMERS,39.0,14.399999999999999
1016,1,0.1,FortisBC,172.0,3.0,UNDERGROUND_TRANSFORMERS,40.0,30.0
1020,1,0.1,FortisBC,230.0,15.0,UNDERGROUND_TRANSFORMERS,207.0,121.7
1021,1,0.1,FortisBC,172.0,3.0,UNDERGROUND_TRANSFORMERS,51.0,36.0
1022,1,0.1,FortisBC,172.0,3.0,UNDERGROUND_TRANSFORMERS,50.0,22.8
1023,1,0.1,FortisBC,230.0,15.0,UNDERGROUND_TRANSFORMERS,70.0,70.0
1024,1,0.1,FortisBC,172.0,3.0,UNDERGROUND_TRANSFORMERS,45.0,24.0
1025,1,0.1,FortisBC,230.0,15.0,UNDERGROUND_TRANSFORMERS,16.0,15.8
1027,1,0.1,FortisBC,230.0,15.0,UNDERGROUND_TRANSFORMERS,145.0,110.3
1029,1,0.1,FortisBC,230.0,15.0,UNDERGROUND_TRANSFORMERS,285.0,107.0
1033,1,0.1,FortisBC,230.0,15.0,UNDERGROUND_TRANSFORMERS,237.0,172.0
1036,1,0.1,FortisBC,230.0,15.0,UNDERGROUND_TRANSFORMERS,175.0,175.3
1042,1,0.1,FortisBC,172.0,3.0,UNDERGROUND_TRANSFORMERS,16.0,30.0
1044,1,0.1,FortisBC,230.0,15.0,UNDERGROUND_TRANSFORMERS,175.0,175.3
1045,1,0.1,FortisBC,230.0,15.0,UNDERGROUND_TRANSFORMERS,0.0,147.0
1049,1,0.1,FortisBC,230.0,15.0,UNDERGROUND_TRANSFORMERS,0.0,125.0
1061,1,0.1,FortisBC,230.0,15.0,UNDERGROUND_TRANSFORMERS,122.0,162.8
1072,1,0.1,FortisBC,230.0,15.0,UNDERGROUND_TRANSFORMERS,175.0,175.3
1088,1,0.1,FortisBC,230.0,15.0,UNDERGROUND_TRANSFORMERS,16.0,8.0
1091,1,0.1,FortisBC,172.0,3.0,UNDERGROUND_TRANSFORMERS,207.0,29.0
1099,1,0.1,FortisBC,230.0,15.0,UNDERGROUND_TRANSFORMERS,45.0,43.0
1101,1,0.1,FortisBC,172.0,3.0,UNDERGROUND_TRANSFORMERS,39.0,16.0
1103,1,0.1,FortisBC,230.0,15.0,UNDERGROUND_TRANSFORMERS,9.0,9.0
1113,1,0.1,FortisBC,172.0,3.0,UNDERGROUND_TRANSFORMERS,74.0,55.0
1114,1,0.1,FortisBC,230.0,15.0,UNDERGROUND_TRANSFORMERS,9.0,2.0
1116,1,0.1,FortisBC,172.0,3.0,UNDERGROUND_TRANSFORMERS,41.0,37.0
1119,1,0.1,FortisBC,172.0,3.0,UNDERGROUND_TRANSFORMERS,64.0,30.5
1120,1,0.1,FortisBC,230.0,15.0,UNDERGROUND_TRANSFORMERS,11.0,232.0
1123,1,0.1,FortisBC,172.0,3.0,UNDERGROUND_TRANSFORMERS,41.0,24.5
1127,1,0.1,FortisBC,172.0,3.0,UNDERGROUND_TRANSFORMERS,39.0,19.0
1128,1,0.1,BC Hydro Distribution,,,UG_TRANSFORMER,122.0,96.0
1137,1,0.1,FortisBC,172.0,3.0,UNDERGROUND_TRANSFORMERS,61.0,36.0
1139,1,0.1,FortisBC,230.0,15.0,UNDERGROUND_TRANSFORMERS,0.0,3.0
1140,1,0.1,BC Hydro Distribution,,,UG_TRANSFORMER,181.0,175.0
1144,1,0.1,FortisBC,172.0,3.0,UNDERGROUND_TRANSFORMERS,177.0,139.0
1145,1,0.1,FortisBC,230.0,30.0,UNDERGROUND_TRANSFORMERS,15.0,10.0
1146,1,0.1,FortisBC,172.0,3.0,UNDERGROUND_TRANSFORMERS,35.0,26.0
1157,1,0.1,BC Hydro Distribution,,,UG_TRANSFORMER,37.0,36.0
1162,1,0.1,FortisBC,230.0,15.0,UNDERGROUND_TRANSFORMERS,127.0,54.0
1163,1,0.1,FortisBC,230.0,15.0,UNDERGROUND_TRANSFORMERS,113.0,14.0
1164,1,0.1,FortisBC,230.0,3.0,UNDERGROUND_TRANSFORMERS,157.0,6.0
1168,1,0.1,FortisBC,172.0,3.0,UNDERGROUND_TRANSFORMERS,138.0,127.29999999999998
1174,1,0.1,FortisBC,230.0,15.0,UNDERGROUND_TRANSFORMERS,73.0,13.0
1175,1,0.1,FortisBC,230.0,15.0,UNDERGROUND_TRANSFORMERS,81.0,76.5
1176,1,0.1,FortisBC,230.0,15.0,UNDERGROUND_TRANSFORMERS,106.0,27.0
1178,1,0.1,FortisBC,172.0,3.0,UNDERGROUND_TRANSFORMERS,7.0,7.0
1181,1,0.1,FortisBC,172.0,3.0,UNDERGROUND_TRANSFORMERS,135.0,6.0
1182,1,0.1,FortisBC,230.0,15.0,UNDERGROUND_TRANSFORMERS,17.0,32.0
1183,1,0.1,FortisBC,172.0,3.0,UNDERGROUND_TRANSFORMERS,61.0,24.0
1184,1,0.1,FortisBC,172.0,3.0,UNDERGROUND_TRANSFORMERS,56.0,33.0
1187,1,0.1,BC Hydro Distribution,,,UG_TRANSFORMER,66.0,60.0
1189,1,0.1,FortisBC,172.0,3.0,UNDERGROUND_TRANSFORMERS,49.0,38.0
1191,1,0.1,FortisBC,172.0,3.0,UNDERGROUND_TRANSFORMERS,33.0,18.0
1192,1,0.1,FortisBC,230.0,15.0,UNDERGROUND_TRANSFORMERS,3.0,3.0
1196,1,0.1,FortisBC,230.0,15.0,UNDERGROUND_TRANSFORMERS,50.0,35.5
1200,1,0.1,FortisBC,172.0,3.0,UNDERGROUND_TRANSFORMERS,55.0,37.0
1206,1,0.1,FortisBC,172.0,3.0,UNDERGROUND_TRANSFORMERS,22.0,12.0
1207,1,0.1,FortisBC,230.0,15.0,UNDERGROUND_TRANSFORMERS,22.0,7.0
1211,1,0.1,FortisBC,172.0,3.0,UNDERGROUND_TRANSFORMERS,32.0,28.0
1225,1,0.1,FortisBC,230.0,15.0,UNDERGROUND_TRANSFORMERS,20.0,10.0
1227,1,0.1,FortisBC,10.0,3.0,UNDERGROUND_TRANSFORMERS,28.0,18.0
1228,1,0.1,FortisBC,172.0,3.0,UNDERGROUND_TRANSFORMERS,65.0,53.0
1244,1,0.1,FortisBC,172.0,3.0,UNDERGROUND_TRANSFORMERS,37.0,27.0
1245,1,0.1,FortisBC,172.0,3.0,UNDERGROUND_TRANSFORMERS,45.0,36.0
1246,1,0.1,FortisBC,172.0,3.0,UNDERGROUND_TRANSFORMERS,87.0,56.0
1261,1,0.1,FortisBC,172.0,3.0,UNDERGROUND_TRANSFORMERS,166.0,137.5
1282,1,0.1,FortisBC,172.0,3.0,UNDERGROUND_TRANSFORMERS,31.0,28.0
1283,1,0.1,FortisBC,172.0,3.0,UNDERGROUND_TRANSFORMERS,43.0,32.0
1289,1,0.1,FortisBC,172.0,3.0,UNDERGROUND_TRANSFORMERS,77.0,64.5
1317,1,0.1,FortisBC,172.0,3.0,UNDERGROUND_TRANSFORMERS,53.0,38.0
1320,1,0.1,FortisBC,172.0,3.0,UNDERGROUND_TRANSFORMERS,101.0,83.5
1321,1,0.1,FortisBC,172.0,3.0,UNDERGROUND_TRANSFORMERS,40.0,30.0
1330,1,0.1,FortisBC,172.0,3.0,UNDERGROUND_TRANSFORMERS,55.0,40.0
1331,1,0.1,FortisBC,172.0,3.0,UNDERGROUND_TRANSFORMERS,46.0,37.5
1340,1,0.1,FortisBC,230.0,15.0,UNDERGROUND_TRANSFORMERS,198.0,183.0
1342,1,0.1,FortisBC,230.0,15.0,UNDERGROUND_TRANSFORMERS,33.0,28.0
1356,1,0.1,FortisBC,172.0,3.0,UNDERGROUND_TRANSFORMERS,16.0,12.0
1359,1,0.1,FortisBC,230.0,15.0,UNDERGROUND_TRANSFORMERS,8.0,8.0
1372,1,0.1,FortisBC,172.0,3.0,UNDERGROUND_TRANSFORMERS,24.0,13.0
1385,1,0.1,FortisBC,172.0,3.0,UNDERGROUND_TRANSFORMERS,75.0,50.5
1386,1,0.1,FortisBC,172.0,3.0,UNDERGROUND_TRANSFORMERS,50.0,38.0
1392,1,0.1,FortisBC,172.0,3.0,UNDERGROUND_TRANSFORMERS,25.0,19.0
1393,1,0.1,FortisBC,172.0,3.0,UNDERGROUND_TRANSFORMERS,98.0,89.0
1409,1,0.1,FortisBC,230.0,15.0,UNDERGROUND_TRANSFORMERS,44.0,40.0
1415,1,0.1,FortisBC,172.0,3.0,UNDERGROUND_TRANSFORMERS,19.0,13.0
1418,1,0.1,FortisBC,172.0,3.0,UNDERGROUND_TRANSFORMERS,63.0,46.0
1420,1,0.1,FortisBC,172.0,3.0,UNDERGROUND_TRANSFORMERS,42.0,28.0
1422,1,0.1,FortisBC,172.0,3.0,UNDERGROUND_TRANSFORMERS,19.0,15.0
1424,1,0.1,FortisBC,172.0,3.0,UNDERGROUND_TRANSFORMERS,39.0,22.900000000000002
1437,1,0.1,FortisBC,172.0,3.0,UNDERGROUND_TRANSFORMERS,15.0,8.0
1449,1,0.1,FortisBC,172.0,3.0,UNDERGROUND_TRANSFORMERS,47.0,34.5
1469,1,0.1,FortisBC,172.0,3.0,UNDERGROUND_TRANSFORMERS,45.0,30.0
1472,1,0.1,FortisBC,172.0,3.0,UNDERGROUND_TRANSFORMERS,32.0,15.5
1484,1,0.1,FortisBC,172.0,3.0,UNDERGROUND_TRANSFORMERS,31.0,27.0
1485,1,0.1,FortisBC,172.0,3.0,UNDERGROUND_TRANSFORMERS,58.0,48.0
1512,1,0.1,FortisBC,172.0,3.0,UNDERGROUND_TRANSFORMERS,30.0,25.5
1528,1,0.1,FortisBC,172.0,3.0,UNDERGROUND_TRANSFORMERS,64.0,52.0
1529,1,0.1,FortisBC,172.0,3.0,UNDERGROUND_TRANSFORMERS,77.0,69.0
1534,1,0.1,FortisBC,230.0,15.0,UNDERGROUND_TRANSFORMERS,162.0,108.0
1535,1,0.1,FortisBC,172.0,3.0,UNDERGROUND_TRANSFORMERS,173.0,20.0
1551,1,0.1,BC Hydro Distribution,,,UG_TRANSFORMER,76.0,74.0
1556,1,0.1,BC Hydro Distribution,,,UG_TRANSFORMER,0.0,3.0
1564,1,0.1,FortisBC,172.0,3.0,UNDERGROUND_TRANSFORMERS,258.0,108.5
1565,1,0.1,FortisBC,172.0,3.0,UNDERGROUND_TRANSFORMERS,36.0,28.0
1566,1,0.1,FortisBC,230.0,15.0,UNDERGROUND_TRANSFORMERS,169.0,118.19999999999999
1567,1,0.1,FortisBC,230.0,15.0,UNDERGROUND_TRANSFORMERS,181.0,57.0
1571,1,0.1,FortisBC,172.0,3.0,UNDERGROUND_TRANSFORMERS,130.0,6.0
1575,1,0.1,FortisBC,230.0,15.0,UNDERGROUND_TRANSFORMERS,299.0,124.0
1592,1,0.1,FortisBC,172.0,3.0,UNDERGROUND_TRANSFORMERS,34.0,23.0
1597,1,0.1,FortisBC,230.0,15.0,UNDERGROUND_TRANSFORMERS,56.0,42.8
1598,1,0.1,FortisBC,230.0,35.0,UNDERGROUND_TRANSFORMERS,194.0,3.0
1601,1,0.1,FortisBC,172.0,3.0,UNDERGROUND_TRANSFORMERS,74.0,67.0
1602,1,0.1,FortisBC,230.0,35.0,UNDERGROUND_TRANSFORMERS,325.0,238.29999999999998
1612,1,0.1,FortisBC,230.0,15.0,UNDERGROUND_TRANSFORMERS,231.0,164.0
1613,1,0.1,FortisBC,230.0,15.0,UNDERGROUND_TRANSFORMERS,209.0,154.4
1614,1,0.1,FortisBC,172.0,3.0,UNDERGROUND_TRANSFORMERS,63.0,40.3
1615,1,0.1,FortisBC,230.0,35.0,UNDERGROUND_TRANSFORMERS,78.0,43.5
1625,1,0.1,FortisBC,172.0,3.0,UNDERGROUND_TRANSFORMERS,55.0,38.0
1626,1,0.1,FortisBC,172.0,3.0,UNDERGROUND_TRANSFORMERS,124.0,98.0
1631,1,0.1,FortisBC,172.0,3.0,UNDERGROUND_TRANSFORMERS,38.0,22.0
1640,1,0.1,FortisBC,172.0,3.0,UNDERGROUND_TRANSFORMERS,111.0,38.0
1642,1,0.1,FortisBC,230.0,15.0,UNDERGROUND_TRANSFORMERS,130.0,128.0
1643,1,0.1,FortisBC,172.0,3.0,UNDERGROUND_TRANSFORMERS,67.0,61.0
1644,1,0.1,FortisBC,230.0,15.0,UNDERGROUND_TRANSFORMERS,128.0,53.6
1646,1,0.1,FortisBC,230.0,15.0,UNDERGROUND_TRANSFORMERS,5.0,16.0
1647,1,0.1,FortisBC,172.0,3.0,UNDERGROUND_TRANSFORMERS,145.0,28.0
1653,1,0.1,FortisBC,230.0,15.0,UNDERGROUND_TRANSFORMERS,64.0,38.0
1654,1,0.1,FortisBC,230.0,15.0,UNDERGROUND_TRANSFORMERS,148.0,136.0
1661,1,0.1,FortisBC,172.0,3.0,UNDERGROUND_TRANSFORMERS,102.0,18.0
1664,1,0.1,FortisBC,172.0,3.0,UNDERGROUND_TRANSFORMERS,93.0,18.0
1669,1,0.1,FortisBC,230.0,15.0,UNDERGROUND_TRANSFORMERS,277.0,116.0
1679,1,0.1,FortisBC,172.0,3.0,UNDERGROUND_TRANSFORMERS,168.0,6.0
1684,1,0.1,FortisBC,230.0,15.0,UNDERGROUND_TRANSFORMERS,211.0,128.0
1685,1,0.1,FortisBC,230.0,15.0,UNDERGROUND_TRANSFORMERS,378.0,66.0
1692,1,0.1,FortisBC,230.0,30.0,UNDERGROUND_TRANSFORMERS,117.0,89.0
1695,1,0.1,FortisBC,230.0,15.0,UNDERGROUND_TRANSFORMERS,110.0,98.0
1700,1,0.1,FortisBC,172.0,3.0,UNDERGROUND_TRANSFORMERS,128.0,110.0
1714,1,0.1,FortisBC,230.0,15.0,UNDERGROUND_TRANSFORMERS,267.0,266.5
1715,1,0.1,FortisBC,230.0,15.0,UNDERGROUND_TRANSFORMERS,401.0,262.5
1716,1,0.1,FortisBC,230.0,15.0,UNDERGROUND_TRANSFORMERS,180.0,54.0
1718,1,0.1,FortisBC,230.0,15.0,UNDERGROUND_TRANSFORMERS,81.0,10.0
1723,1,0.1,FortisBC,230.0,15.0,UNDERGROUND_TRANSFORMERS,24.0,34.0
1724,1,0.1,FortisBC,230.0,15.0,UNDERGROUND_TRANSFORMERS,138.0,138.0
1726,1,0.1,FortisBC,230.0,15.0,UNDERGROUND_TRANSFORMERS,57.0,57.0
1728,1,0.1,FortisBC,230.0,15.0,UNDERGROUND_TRANSFORMERS,5.0,4.0
1729,1,0.1,FortisBC,230.0,15.0,UNDERGROUND_TRANSFORMERS,12.0,3.0
1736,1,0.1,FortisBC,230.0,15.0,UNDERGROUND_TRANSFORMERS,13.0,9.0
1766,1,0.1,FortisBC,230.0,15.0,UNDERGROUND_TRANSFORMERS,36.0,44.0
1774,1,0.1,FortisBC,230.0,35.0,UNDERGROUND_TRANSFORMERS,11.0,78.0
1808,1,0.1,FortisBC,230.0,15.0,UNDERGROUND_TRANSFORMERS,0.0,11.0
1819,1,0.1,FortisBC,230.0,15.0,UNDERGROUND_TRANSFORMERS,0.0,28.8
1820,1,0.1,FortisBC,172.0,3.0,UNDERGROUND_TRANSFORMERS,0.0,1.0
1838,1,0.1,FortisBC,230.0,15.0,UNDERGROUND_TRANSFORMERS,0.0,41.400000000000006
1866,1,0.1,FortisBC,230.0,15.0,UNDERGROUND_TRANSFORMERS,0.0,2.0
1916,1,0.1,FortisBC,230.0,15.0,UNDERGROUND_TRANSFORMERS,0.0,26.0
1919,1,0.1,FortisBC,230.0,15.0,UNDERGROUND_TRANSFORMERS,0.0,26.0
1934,1,0.1,FortisBC,230.0,15.0,UNDERGROUND_TRANSFORMERS,0.0,1.0
1940,1,0.1,FortisBC,230.0,15.0,UNDERGROUND_TRANSFORMERS,0.0,1.0
1946,1,0.1,FortisBC,230.0,15.0,UNDERGROUND_TRANSFORMERS,0.0,2.0
1984,1,0.1,FortisBC,230.0,15.0,UNDERGROUND_TRANSFORMERS,0.0,40.0
1998,1,0.1,FortisBC,172.0,3.0,UNDERGROUND_TRANSFORMERS,0.0,1.0
2000,1,0.1,FortisBC,172.0,3.0,UNDERGROUND_TRANSFORMERS,182.0,11.0
2010,1,0.1,FortisBC,230.0,15.0,UNDERGROUND_TRANSFORMERS,160.0,160.0
2013,1,0.1,FortisBC,230.0,15.0,UNDERGROUND_TRANSFORMERS,122.0,117.5
2035,1,0.1,BC Hydro Distribution,,,UG_TRANSFORMER,0.0,5.0
2039,1,0.1,FortisBC,230.0,35.0,UNDERGROUND_TRANSFORMERS,102.0,3.0
2044,1,0.1,FortisBC,230.0,15.0,UNDERGROUND_TRANSFORMERS,110.0,104.0
2057,1,0.1,FortisBC,230.0,15.0,UNDERGROUND_TRANSFORMERS,92.0,129.1
2061,1,0.1,BC Hydro Distribution,,,UG_TRANSFORMER,0.0,2.0
2064,1,0.1,FortisBC,230.0,30.0,UNDERGROUND_TRANSFORMERS,19.0,16.0
2068,1,0.1,BC Hydro Distribution,,,UG_TRANSFORMER,0.0,3.0
2083,1,0.1,FortisBC,230.0,15.0,UNDERGROUND_TRANSFORMERS,234.0,290.4
2087,1,0.1,FortisBC,230.0,15.0,UNDERGROUND_TRANSFORMERS,11.0,7.0
2091,1,0.1,FortisBC,230.0,15.0,UNDERGROUND_TRANSFORMERS,0.0,1.0
2108,1,0.1,FortisBC,230.0,15.0,UNDERGROUND_TRANSFORMERS,150.0,2.0
2112,1,0.1,FortisBC,230.0,15.0,UNDERGROUND_TRANSFORMERS,0.0,1.0
2123,1,0.1,FortisBC,230.0,15.0,UNDERGROUND_TRANSFORMERS,,576.0
2124,1,0.1,FortisBC,230.0,15.0,UNDERGROUND_TRANSFORMERS,302.0,85.7
2135,1,0.1,BC Hydro Distribution,,,UG_TRANSFORMER,0.0,15.0
2140,1,0.1,FortisBC,230.0,15.0,UNDERGROUND_TRANSFORMERS,125.0,6.0
2141,1,0.1,FortisBC,230.0,15.0,UNDERGROUND_TRANSFORMERS,348.0,12.0
2143,1,0.1,FortisBC,230.0,15.0,UNDERGROUND_TRANSFORMERS,223.0,6.0
2152,1,0.1,FortisBC,230.0,15.0,UNDERGROUND_TRANSFORMERS,520.0,294.70000000000005
2155,1,0.1,FortisBC,230.0,15.0,UNDERGROUND_TRANSFORMERS,442.0,347.3
2159,1,0.1,FortisBC,230.0,15.0,UNDERGROUND_TRANSFORMERS,386.0,465.50000000000006
2161,1,0.1,FortisBC,172.0,3.0,UNDERGROUND_TRANSFORMERS,0.0,1.0
2167,1,0.1,FortisBC,230.0,15.0,UNDERGROUND_TRANSFORMERS,374.0,147.3
2169,1,0.1,FortisBC,172.0,3.0,UNDERGROUND_TRANSFORMERS,0.0,1.0
2170,1,0.1,FortisBC,230.0,15.0,UNDERGROUND_TRANSFORMERS,306.0,147.3
2182,1,0.1,FortisBC,172.0,3.0,UNDERGROUND_TRANSFORMERS,0.0,1.0
2184,1,0.1,FortisBC,172.0,3.0,UNDERGROUND_TRANSFORMERS,386.0,79.4
2192,1,0.1,FortisBC,230.0,15.0,UNDERGROUND_TRANSFORMERS,9.0,7.0
2194,1,0.1,FortisBC,172.0,3.0,UNDERGROUND_TRANSFORMERS,90.0,75.0
2195,1,0.1,FortisBC,172.0,3.0,UNDERGROUND_TRANSFORMERS,4.0,2.0
2196,1,0.1,FortisBC,230.0,35.0,UNDERGROUND_TRANSFORMERS,10.0,5.9
2198,1,0.1,FortisBC,172.0,3.0,UNDERGROUND_TRANSFORMERS,23.0,10.0
2200,1,0.1,FortisBC,230.0,15.0,UNDERGROUND_TRANSFORMERS,68.0,59.0
2201,1,0.1,FortisBC,230.0,15.0,UNDERGROUND_TRANSFORMERS,203.0,190.5
2204,1,0.1,FortisBC,230.0,15.0,UNDERGROUND_TRANSFORMERS,59.0,54.0
2205,1,0.1,FortisBC,172.0,3.0,UNDERGROUND_TRANSFORMERS,61.0,48.0
2206,1,0.1,FortisBC,230.0,15.0,UNDERGROUND_TRANSFORMERS,93.0,74.0
2207,1,0.1,FortisBC,230.0,30.0,UNDERGROUND_TRANSFORMERS,24.0,8.6
2209,1,0.1,FortisBC,230.0,30.0,UNDERGROUND_TRANSFORMERS,36.0,32.9
2217,1,0.1,FortisBC,172.0,3.0,UNDERGROUND_TRANSFORMERS,88.0,83.0
2218,1,0.1,BC Hydro Distribution,,,UG_TRANSFORMER,78.0,79.89999999999999
2219,1,0.1,FortisBC,172.0,3.0,UNDERGROUND_TRANSFORMERS,225.0,223.0
2220,1,0.1,BC Hydro Distribution,,,UG_TRANSFORMER,64.0,65.0
2222,1,0.1,FortisBC,230.0,15.0,UNDERGROUND_TRANSFORMERS,294.0,300.1
2223,1,0.1,FortisBC,230.0,15.0,UNDERGROUND_TRANSFORMERS,22.0,22.0
2225,1,0.1,FortisBC,172.0,3.0,UNDERGROUND_TRANSFORMERS,12.0,10.700000000000001
2226,1,0.1,FortisBC,172.0,3.0,UNDERGROUND_TRANSFORMERS,7.0,7.3
2227,1,0.1,FortisBC,172.0,3.0,UNDERGROUND_TRANSFORMERS,10.0,10.0
2228,1,0.1,FortisBC,172.0,3.0,UNDERGROUND_TRANSFORMERS,96.0,107.0
2229,1,0.1,FortisBC,172.0,3.0,UNDERGROUND_TRANSFORMERS,29.0,13.0
2230,1,0.1,FortisBC,230.0,15.0,UNDERGROUND_TRANSFORMERS,7.0,2.0
2231,1,0.1,FortisBC,172.0,3.0,UNDERGROUND_TRANSFORMERS,10.0,6.0
2234,1,0.1,FortisBC,172.0,3.0,UNDERGROUND_TRANSFORMERS,26.0,24.0
2236,1,0.1,FortisBC,172.0,3.0,UNDERGROUND_TRANSFORMERS,27.0,23.0
2238,1,0.1,BC Hydro Distribution,,,UG_TRANSFORMER,28.0,28.0
2239,1,0.1,FortisBC,172.0,3.0,UNDERGROUND_TRANSFORMERS,4.0,7.0
2243,1,0.1,FortisBC,172.0,3.0,UNDERGROUND_TRANSFORMERS,0.0,30.0
2246,1,0.1,FortisBC,172.0,3.0,UNDERGROUND_TRANSFORMERS,174.0,191.39999999999992
2255,1,0.1,FortisBC,172.0,3.0,UNDERGROUND_TRANSFORMERS,67.0,89.0
2273,1,0.1,FortisBC,230.0,3.0,UNDERGROUND_TRANSFORMERS,7.0,4.0
2281,1,0.1,FortisBC,230.0,3.0,UNDERGROUND_TRANSFORMERS,7.0,7.0
2282,1,0.1,FortisBC,172.0,3.0,UNDERGROUND_TRANSFORMERS,16.0,20.0
2284,1,0.1,FortisBC,230.0,15.0,UNDERGROUND_TRANSFORMERS,3.0,3.0
2285,1,0.1,FortisBC,172.0,3.0,UNDERGROUND_TRANSFORMERS,6.0,3.0
2286,1,0.1,FortisBC,172.0,3.0,UNDERGROUND_TRANSFORMERS,40.0,40.0
2290,1,0.1,FortisBC,230.0,15.0,UNDERGROUND_TRANSFORMERS,195.0,161.0
2291,1,0.1,FortisBC,230.0,15.0,UNDERGROUND_TRANSFORMERS,3.0,3.0
2292,1,0.1,FortisBC,172.0,3.0,UNDERGROUND_TRANSFORMERS,51.0,49.0
2298,1,0.1,FortisBC,172.0,3.0,UNDERGROUND_TRANSFORMERS,20.0,21.0
2355,1,0.1,BC Hydro Distribution,,,UG_TRANSFORMER,186.0,195.0
2362,1,0.1,BC Hydro Distribution,,,UG_TRANSFORMER,38.0,12.0
2363,1,0.1,BC Hydro Distribution,,,UG_TRANSFORMER,240.0,240.20000000000005
2365,1,0.1,BC Hydro Distribution,,,UG_TRANSFORMER,84.0,48.0
2366,1,0.1,BC Hydro Distribution,,,UG_TRANSFORMER,46.0,18.0
2368,1,0.1,BC Hydro Distribution,,,UG_TRANSFORMER,35.0,35.0
2369,1,0.1,BC Hydro Distribution,,,UG_TRANSFORMER,212.0,14.8
2370,1,0.1,BC Hydro Distribution,,,UG_TRANSFORMER,48.0,38.0
2371,1,0.1,BC Hydro Distribution,,,UG_TRANSFORMER,39.0,37.0
2372,1,0.1,BC Hydro Distribution,,,UG_TRANSFORMER,209.0,28.3
2373,1,0.1,BC Hydro Distribution,,,UG_TRANSFORMER,20.0,24.0
2375,1,0.1,BC Hydro Distribution,,,UG_TRANSFORMER,226.0,25.3
2376,1,0.1,BC Hydro Distribution,,,UG_TRANSFORMER,46.0,12.0
2377,1,0.1,BC Hydro Distribution,,,UG_TRANSFORMER,94.0,73.5
2378,1,0.1,BC Hydro Distribution,,,UG_TRANSFORMER,86.0,75.0
2379,1,0.1,BC Hydro Distribution,,,UG_TRANSFORMER,142.0,87.6
2380,1,0.1,BC Hydro Distribution,,,UG_TRANSFORMER,170.0,180.79999999999984
2381,1,0.1,BC Hydro Distribution,,,UG_TRANSFORMER,73.0,42.9
2382,1,0.1,BC Hydro Distribution,,,UG_TRANSFORMER,21.0,18.0
2384,1,0.1,BC Hydro Distribution,,,UG_TRANSFORMER,7.0,7.0
2388,1,0.1,BC Hydro Distribution,,,UG_TRANSFORMER,217.0,222.0
2389,1,0.1,BC Hydro Distribution,,,UG_TRANSFORMER,0.0,9.0
2390,1,0.1,BC Hydro Distribution,,,UG_TRANSFORMER,15.0,27.0
2391,1,0.1,BC Hydro Distribution,,,UG_TRANSFORMER,92.0,91.80000000000001
2392,1,0.1,BC Hydro Distribution,,,UG_TRANSFORMER,112.0,116.0
2394,1,0.1,BC Hydro Distribution,,,UG_TRANSFORMER,235.0,292.0
2395,1,0.1,BC Hydro Distribution,,,UG_TRANSFORMER,213.0,228.0
2396,1,0.1,BC Hydro Distribution,,,UG_TRANSFORMER,88.0,85.5
2397,1,0.1,BC Hydro Distribution,,,UG_TRANSFORMER,1.0,7.0
2398,1,0.1,BC Hydro Distribution,,,UG_TRANSFORMER,75.0,61.5
2399,1,0.1,BC Hydro Distribution,,,UG_TRANSFORMER,112.0,106.0
2400,1,0.1,BC Hydro Distribution,,,UG_TRANSFORMER,31.0,27.0
2401,1,0.1,BC Hydro Distribution,,,UG_TRANSFORMER,46.0,49.0
2402,1,0.1,BC Hydro Distribution,,,UG_TRANSFORMER,33.0,25.0
2403,1,0.1,BC Hydro Distribution,,,UG_TRANSFORMER,25.0,20.0
2404,1,0.1,BC Hydro Distribution,,,UG_TRANSFORMER,12.0,12.0
2405,1,0.1,BC Hydro Distribution,,,UG_TRANSFORMER,117.0,122.89999999999999
2406,1,0.1,BC Hydro Distribution,,,UG_TRANSFORMER,25.0,25.0
2407,1,0.1,BC Hydro Distribution,,,UG_TRANSFORMER,14.0,18.0
2408,1,0.1,BC Hydro Distribution,,,UG_TRANSFORMER,76.0,79.0
2409,1,0.1,BC Hydro Distribution,,,UG_TRANSFORMER,11.0,12.0
2410,1,0.1,BC Hydro Distribution,,,UG_TRANSFORMER,71.0,73.0
2411,1,0.1,BC Hydro Distribution,,,UG_TRANSFORMER,226.0,227.0
2412,1,0.1,BC Hydro Distribution,,,UG_TRANSFORMER,255.0,262.79999999999995
2413,1,0.1,BC Hydro Distribution,,,UG_TRANSFORMER,31.0,27.0
2414,1,0.1,BC Hydro Distribution,,,UG_TRANSFORMER,12.0,44.0
2415,1,0.1,BC Hydro Distribution,,,UG_TRANSFORMER,18.0,14.0
2416,1,0.1,BC Hydro Distribution,,,UG_TRANSFORMER,36.0,24.0
2417,1,0.1,BC Hydro Distribution,,,UG_TRANSFORMER,12.0,9.0
2418,1,0.1,BC Hydro Distribution,,,UG_TRANSFORMER,14.0,14.5
2419,1,0.1,BC Hydro Distribution,,,UG_TRANSFORMER,41.0,33.5
2420,1,0.1,BC Hydro Distribution,,,UG_TRANSFORMER,50.0,50.0
2421,1,0.1,BC Hydro Distribution,,,UG_TRANSFORMER,57.0,47.5
2422,1,0.1,BC Hydro Distribution,,,UG_TRANSFORMER,38.0,19.0
2423,1,0.1,BC Hydro Distribution,,,UG_TRANSFORMER,10.0,9.5
2424,1,0.1,BC Hydro Distribution,,,UG_TRANSFORMER,67.0,47.5
2426,1,0.1,BC Hydro Distribution,,,UG_TRANSFORMER,100.0,105.19999999999999
2427,1,0.1,BC Hydro Distribution,,,UG_TRANSFORMER,76.0,57.0
2428,1,0.1,BC Hydro Distribution,,,UG_TRANSFORMER,67.0,38.0
2430,1,0.1,BC Hydro Distribution,,,UG_TRANSFORMER,39.0,39.0
2431,1,0.1,BC Hydro Distribution,,,UG_TRANSFORMER,48.0,28.5
2432,1,0.1,BC Hydro Distribution,,,UG_TRANSFORMER,57.0,28.5
2433,1,0.1,BC Hydro Distribution,,,UG_TRANSFORMER,57.0,57.0
2436,1,0.1,BC Hydro Distribution,,,UG_TRANSFORMER,305.0,328.4
2437,1,0.1,BC Hydro Distribution,,,UG_TRANSFORMER,8.0,5.0
2438,1,0.1,BC Hydro Distribution,,,UG_TRANSFORMER,128.0,141.10000000000002
2439,1,0.1,BC Hydro Distribution,,,UG_TRANSFORMER,9.0,5.0
2440,1,0.1,BC Hydro Distribution,,,UG_TRANSFORMER,11.0,7.0
2441,1,0.1,BC Hydro Distribution,,,UG_TRANSFORMER,13.0,14.0
2442,1,0.1,BC Hydro Distribution,,,UG_TRANSFORMER,3.0,5.0
2443,1,0.1,BC Hydro Distribution,,,UG_TRANSFORMER,100.0,103.0
2445,1,0.1,BC Hydro Distribution,,,UG_TRANSFORMER,153.0,154.1
2447,1,0.1,BC Hydro Distribution,,,UG_TRANSFORMER,22.0,21.900000000000002
2449,1,0.1,BC Hydro Distribution,,,UG_TRANSFORMER,30.0,25.0
2450,1,0.1,BC Hydro Distribution,,,UG_TRANSFORMER,21.0,13.0
2452,1,0.1,BC Hydro Distribution,,,UG_TRANSFORMER,22.0,16.0
2454,1,0.1,BC Hydro Distribution,,,UG_TRANSFORMER,32.0,24.0
2455,1,0.1,BC Hydro Distribution,,,UG_TRANSFORMER,63.0,56.0
2456,1,0.1,BC Hydro Distribution,,,UG_TRANSFORMER,85.0,82.80000000000001
2457,1,0.1,BC Hydro Distribution,,,UG_TRANSFORMER,38.0,35.0
2458,1,0.1,BC Hydro Distribution,,,UG_TRANSFORMER,35.0,28.0
2459,1,0.1,BC Hydro Distribution,,,UG_TRANSFORMER,29.0,29.0
2460,1,0.1,BC Hydro Distribution,,,UG_TRANSFORMER,28.0,25.0
2461,1,0.1,BC Hydro Distribution,,,UG_TRANSFORMER,14.0,5.0
2462,1,0.1,BC Hydro Distribution,,,UG_TRANSFORMER,25.0,25.0
2464,1,0.1,BC Hydro Distribution,,,UG_TRANSFORMER,3.0,3.0
2465,1,0.1,BC Hydro Distribution,,,UG_TRANSFORMER,21.0,19.0
2467,1,0.1,BC Hydro Distribution,,,UG_TRANSFORMER,52.0,44.0
2473,1,0.1,BC Hydro Distribution,,,UG_TRANSFORMER,38.0,13.0
2474,1,0.1,BC Hydro Distribution,,,UG_TRANSFORMER,38.0,6.0
2476,1,0.1,BC Hydro Distribution,,,UG_TRANSFORMER,52.0,7.5
2481,1,0.1,BC Hydro Distribution,,,UG_TRANSFORMER,41.0,9.0
2484,1,0.1,BC Hydro Distribution,,,UG_TRANSFORMER,60.0,25.5
2485,1,0.1,BC Hydro Distribution,,,UG_TRANSFORMER,27.0,6.0
2487,1,0.1,BC Hydro Distribution,,,UG_TRANSFORMER,190.0,189.0
2488,1,0.1,BC Hydro Distribution,,,UG_TRANSFORMER,214.0,215.89999999999998
2493,1,0.1,BC Hydro Distribution,,,UG_TRANSFORMER,11.0,8.0
2495,1,0.1,BC Hydro Distribution,,,UG_TRANSFORMER,44.0,36.0
2500,1,0.1,BC Hydro Distribution,,,UG_TRANSFORMER,102.0,80.0
2501,1,0.1,BC Hydro Distribution,,,UG_TRANSFORMER,18.0,6.0
2502,1,0.1,BC Hydro Distribution,,,UG_TRANSFORMER,27.0,6.0
2503,1,0.1,BC Hydro Distribution,,,UG_TRANSFORMER,26.0,19.0
2504,1,0.1,BC Hydro Distribution,,,UG_TRANSFORMER,45.0,40.0
2507,1,0.1,BC Hydro Distribution,,,UG_TRANSFORMER,52.0,52.0
2508,1,0.1,BC Hydro Distribution,,,UG_TRANSFORMER,16.0,7.0
2535,1,0.1,BC Hydro Distribution,,,UG_TRANSFORMER,86.0,53.9
2541,1,0.1,BC Hydro Distribution,,,UG_TRANSFORMER,40.0,19.0
2543,1,0.1,BC Hydro Distribution,,,UG_TRANSFORMER,28.0,13.0
2544,1,0.1,BC Hydro Distribution,,,UG_TRANSFORMER,121.0,97.39999999999999
2555,1,0.1,BC Hydro Distribution,,,UG_TRANSFORMER,17.0,37.0
2556,1,0.1,BC Hydro Distribution,,,UG_TRANSFORMER,44.0,33.0
2565,1,0.1,BC Hydro Distribution,,,UG_TRANSFORMER,68.0,63.0
2574,1,0.1,BC Hydro Distribution,,,UG_TRANSFORMER,35.0,35.0
2577,1,0.1,BC Hydro Distribution,,,UG_TRANSFORMER,83.0,60.6
2579,1,0.1,BC Hydro Distribution,,,UG_TRANSFORMER,52.0,40.0
2584,1,0.1,BC Hydro Distribution,,,UG_TRANSFORMER,114.0,253.5
2585,1,0.1,BC Hydro Distribution,,,UG_TRANSFORMER,67.0,116.0
2589,1,0.1,BC Hydro Distribution,,,UG_TRANSFORMER,45.0,26.3
2590,1,0.1,BC Hydro Distribution,,,UG_TRANSFORMER,30.0,24.0
2591,1,0.1,BC Hydro Distribution,,,UG_TRANSFORMER,61.0,26.700000000000006
2592,1,0.1,BC Hydro Distribution,,,UG_TRANSFORMER,57.0,54.39999999999999
2594,1,0.1,BC Hydro Distribution,,,UG_TRANSFORMER,8.0,6.0
2595,1,0.1,BC Hydro Distribution,,,UG_TRANSFORMER,34.0,62.0
2601,1,0.1,BC Hydro Distribution,,,UG_TRANSFORMER,75.0,79.39999999999998
2603,1,0.1,BC Hydro Distribution,,,UG_TRANSFORMER,120.0,118.0
2608,1,0.1,BC Hydro Distribution,,,UG_TRANSFORMER,0.0,195.0
2610,1,0.1,BC Hydro Distribution,,,UG_TRANSFORMER,74.0,70.0
2615,1,0.1,BC Hydro Distribution,,,UG_TRANSFORMER,108.0,106.89999999999999
2619,1,0.1,BC Hydro Distribution,,,UG_TRANSFORMER,14.0,14.0
2620,1,0.1,BC Hydro Distribution,,,UG_TRANSFORMER,198.0,195.1
2623,1,0.1,BC Hydro Distribution,,,UG_TRANSFORMER,0.0,26.0
2626,1,0.1,BC Hydro Distribution,,,UG_TRANSFORMER,18.0,63.0
2633,1,0.1,BC Hydro Distribution,,,UG_TRANSFORMER,64.0,77.0
2634,1,0.1,BC Hydro Distribution,,,UG_TRANSFORMER,0.0,21.0
2644,1,0.1,BC Hydro Distribution,,,UG_TRANSFORMER,67.0,24.0
2647,1,0.1,BC Hydro Distribution,,,UG_TRANSFORMER,35.0,7.5
2654,1,0.1,BC Hydro Distribution,,,UG_TRANSFORMER,20.0,12.5
2682,1,0.1,BC Hydro Distribution,,,UG_TRANSFORMER,9.0,9.0
2683,1,0.1,BC Hydro Distribution,,,UG_TRANSFORMER,61.0,26.0
2684,1,0.1,BC Hydro Distribution,,,UG_TRANSFORMER,57.0,25.0
2686,1,0.1,BC Hydro Distribution,,,UG_TRANSFORMER,56.0,25.0
2690,1,0.1,BC Hydro Distribution,,,UG_TRANSFORMER,10.0,10.0
2691,1,0.1,BC Hydro Distribution,,,UG_TRANSFORMER,19.0,13.0
2728,1,0.1,BC Hydro Distribution,,,UG_TRANSFORMER,41.0,173.0
2793,1,0.1,BC Hydro Distribution,,,UG_TRANSFORMER,7.0,7.0
